-- --------------------------------------------------------
-- Host:                         localhost
-- Server version:               8.0.30 - MySQL Community Server - GPL
-- Server OS:                    Win64
-- HeidiSQL Version:             12.3.0.6589
-- --------------------------------------------------------

/*!40101 SET @OLD_CHARACTER_SET_CLIENT=@@CHARACTER_SET_CLIENT */;
/*!40101 SET NAMES utf8 */;
/*!50503 SET NAMES utf8mb4 */;
/*!40103 SET @OLD_TIME_ZONE=@@TIME_ZONE */;
/*!40103 SET TIME_ZONE='+00:00' */;
/*!40014 SET @OLD_FOREIGN_KEY_CHECKS=@@FOREIGN_KEY_CHECKS, FOREIGN_KEY_CHECKS=0 */;
/*!40101 SET @OLD_SQL_MODE=@@SQL_MODE, SQL_MODE='NO_AUTO_VALUE_ON_ZERO' */;
/*!40111 SET @OLD_SQL_NOTES=@@SQL_NOTES, SQL_NOTES=0 */;

-- Dumping structure for table finance.document_types
CREATE TABLE IF NOT EXISTS `document_types` (
  `id` int NOT NULL AUTO_INCREMENT,
  `name` varchar(256) NOT NULL,
  `extension` json NOT NULL,
  PRIMARY KEY (`id`),
  UNIQUE KEY `name` (`name`)
) ENGINE=InnoDB AUTO_INCREMENT=4 DEFAULT CHARSET=utf8mb4 COLLATE=utf8mb4_general_ci;

-- Dumping data for table finance.document_types: ~3 rows (approximately)
INSERT INTO `document_types` (`id`, `name`, `extension`) VALUES
	(1, 'PDF', '{"pdf": true}'),
	(2, 'Excel', '{"csv": true, "xlsx": true}'),
	(3, 'Word', '{"docx": true}');

-- Dumping structure for table finance.months
CREATE TABLE IF NOT EXISTS `months` (
  `id` int NOT NULL AUTO_INCREMENT,
  `name` varchar(50) NOT NULL DEFAULT '',
  PRIMARY KEY (`id`)
) ENGINE=InnoDB AUTO_INCREMENT=13 DEFAULT CHARSET=utf8mb4 COLLATE=utf8mb4_general_ci;

-- Dumping data for table finance.months: ~0 rows (approximately)
INSERT INTO `months` (`id`, `name`) VALUES
	(1, 'Jan'),
	(2, 'Feb'),
	(3, 'Mar'),
	(4, 'Apr'),
	(5, 'May'),
	(6, 'Jun'),
	(7, 'Jul'),
	(8, 'Aug'),
	(9, 'Sep'),
	(10, 'Oct'),
	(11, 'Nov'),
	(12, 'Dec');

-- Dumping structure for table finance.reports
CREATE TABLE IF NOT EXISTS `reports` (
  `id` int NOT NULL AUTO_INCREMENT,
  `reported_by` int NOT NULL,
  `reporter_role_id` int NOT NULL,
  `invoice` varchar(256) NOT NULL,
  `upload_date` date NOT NULL,
  `document_date` date NOT NULL,
  `document_name` varchar(256) NOT NULL,
  `document_type_id` int NOT NULL,
  `extension` varchar(256) NOT NULL,
  `note` longtext,
  `approved_by` int DEFAULT NULL,
  `approved_at` datetime DEFAULT NULL,
  `created_at` datetime NOT NULL,
  `updated_at` datetime NOT NULL,
  PRIMARY KEY (`id`),
  UNIQUE KEY `invoice` (`invoice`),
  KEY `reported_by` (`reported_by`),
  KEY `reporter_role_id` (`reporter_role_id`),
  KEY `document_type_id` (`document_type_id`),
  KEY `approved_by` (`approved_by`),
  CONSTRAINT `FK_reports_document_type` FOREIGN KEY (`document_type_id`) REFERENCES `document_types` (`id`) ON DELETE CASCADE,
  CONSTRAINT `FK_reports_roles` FOREIGN KEY (`reporter_role_id`) REFERENCES `roles` (`id`) ON DELETE CASCADE,
  CONSTRAINT `FK_reports_users` FOREIGN KEY (`reported_by`) REFERENCES `users` (`id`) ON DELETE CASCADE,
  CONSTRAINT `FK_reports_users_2` FOREIGN KEY (`approved_by`) REFERENCES `users` (`id`) ON DELETE CASCADE
) ENGINE=InnoDB AUTO_INCREMENT=1010 DEFAULT CHARSET=utf8mb4 COLLATE=utf8mb4_general_ci;

-- Dumping data for table finance.reports: ~1,001 rows (approximately)
INSERT INTO `reports` (`id`, `reported_by`, `reporter_role_id`, `invoice`, `upload_date`, `document_date`, `document_name`, `document_type_id`, `extension`, `note`, `approved_by`, `approved_at`, `created_at`, `updated_at`) VALUES
	(9, 1, 1, 'asasd', '2025-08-20', '2025-08-20', 'adsasd_250820142522.xlsx', 2, 'xlsx', '', 2, '2025-08-20 15:13:24', '2025-08-20 14:25:22', '2025-08-20 14:25:22'),
	(10, 1, 1, 'CRVLT', '2025-02-21', '2025-02-10', 'NMFNP', 3, 'docx', 'RFYBR', NULL, NULL, '2025-08-20 16:06:03', '2025-08-20 16:06:03'),
	(11, 1, 1, 'QOMPA', '2025-06-22', '2025-06-30', 'ELBNS', 1, 'csv', 'CMVTB', NULL, NULL, '2025-08-20 16:06:03', '2025-08-20 16:06:03'),
	(12, 1, 1, 'IDRQE', '2025-04-02', '2025-04-28', 'AMAGV', 1, 'docx', 'EWIBR', NULL, NULL, '2025-08-20 16:06:03', '2025-08-20 16:06:03'),
	(13, 1, 1, 'ATNMF', '2025-06-09', '2025-07-26', 'KPWTX', 1, 'pdf', 'TFEFH', NULL, NULL, '2025-08-20 16:06:03', '2025-08-20 16:06:03'),
	(14, 1, 1, 'XUJVR', '2025-03-18', '2025-07-29', 'UUHWP', 2, 'docx', 'VIGAA', NULL, NULL, '2025-08-20 16:06:03', '2025-08-20 16:06:03'),
	(15, 1, 1, 'CLQLZ', '2025-07-10', '2025-05-16', 'LKSAZ', 1, 'xlsx', 'DVJKZ', NULL, NULL, '2025-08-20 16:06:03', '2025-08-20 16:06:03'),
	(16, 1, 1, 'BIUBI', '2025-03-29', '2025-04-04', 'EUMXX', 2, 'docx', 'IMNDM', NULL, NULL, '2025-08-20 16:06:04', '2025-08-20 16:06:04'),
	(17, 1, 1, 'CYTYY', '2025-02-10', '2025-01-06', 'SADTV', 1, 'pdf', 'PHYBX', NULL, NULL, '2025-08-20 16:06:04', '2025-08-20 16:06:04'),
	(18, 1, 1, 'EMNQW', '2025-03-31', '2025-03-16', 'ATBWD', 1, 'xlsx', 'KWBLW', NULL, NULL, '2025-08-20 16:06:04', '2025-08-20 16:06:04'),
	(19, 1, 1, 'NFCSG', '2025-03-17', '2025-07-05', 'QQTZF', 2, 'pdf', 'EPODH', NULL, NULL, '2025-08-20 16:06:04', '2025-08-20 16:06:04'),
	(20, 1, 1, 'VBBEQ', '2025-01-24', '2025-04-27', 'OBMJJ', 1, 'csv', 'DLJYE', NULL, NULL, '2025-08-20 16:06:04', '2025-08-20 16:06:04'),
	(21, 1, 1, 'SUXRY', '2025-08-12', '2025-04-30', 'ELUWX', 1, 'csv', 'LFCTK', NULL, NULL, '2025-08-20 16:06:04', '2025-08-20 16:06:04'),
	(22, 1, 1, 'CEATT', '2025-06-05', '2025-08-05', 'HEECI', 2, 'xlsx', 'IVRSG', NULL, NULL, '2025-08-20 16:06:04', '2025-08-20 16:06:04'),
	(23, 1, 1, 'YNXAJ', '2025-07-24', '2025-01-28', 'KVUFQ', 2, 'csv', 'ERRMJ', NULL, NULL, '2025-08-20 16:06:04', '2025-08-20 16:06:04'),
	(24, 1, 1, 'UWSSM', '2025-06-20', '2025-07-04', 'NLCTX', 2, 'pdf', 'NVRCE', NULL, NULL, '2025-08-20 16:06:04', '2025-08-20 16:06:04'),
	(25, 1, 1, 'MGBPQ', '2025-07-15', '2025-08-17', 'DHQEH', 3, 'docx', 'HMQTR', NULL, NULL, '2025-08-20 16:06:04', '2025-08-20 16:06:04'),
	(26, 1, 1, 'XVRBH', '2025-07-18', '2025-01-10', 'DNQTM', 2, 'pdf', 'ECBMB', NULL, NULL, '2025-08-20 16:06:04', '2025-08-20 16:06:04'),
	(27, 1, 1, 'FLUFK', '2025-07-31', '2025-05-18', 'GQDWZ', 2, 'docx', 'EJRQC', NULL, NULL, '2025-08-20 16:06:04', '2025-08-20 16:06:04'),
	(28, 1, 1, 'GKWIB', '2025-08-20', '2025-01-09', 'NKAFQ', 1, 'pdf', 'CBTBS', NULL, NULL, '2025-08-20 16:06:04', '2025-08-20 16:06:04'),
	(29, 1, 1, 'IUPEV', '2025-05-29', '2025-04-10', 'JTJDX', 2, 'xlsx', 'MOTKV', NULL, NULL, '2025-08-20 16:06:04', '2025-08-20 16:06:04'),
	(30, 1, 1, 'LRJDD', '2025-01-03', '2025-07-13', 'TIWHP', 1, 'docx', 'YEBYT', NULL, NULL, '2025-08-20 16:06:04', '2025-08-20 16:06:04'),
	(31, 1, 1, 'LWQIY', '2025-01-29', '2025-02-17', 'NKXVT', 1, 'pdf', 'UFPQR', NULL, NULL, '2025-08-20 16:06:04', '2025-08-20 16:06:04'),
	(32, 1, 1, 'JZDQT', '2025-04-30', '2025-06-15', 'RCHTK', 3, 'docx', 'LFGJW', NULL, NULL, '2025-08-20 16:06:04', '2025-08-20 16:06:04'),
	(33, 1, 1, 'KFDVV', '2025-07-01', '2025-04-04', 'OOYPT', 3, 'csv', 'HJYQD', NULL, NULL, '2025-08-20 16:06:04', '2025-08-20 16:06:04'),
	(34, 1, 1, 'FKOQD', '2025-01-12', '2025-05-08', 'JSLMU', 3, 'csv', 'WLZHO', NULL, NULL, '2025-08-20 16:06:04', '2025-08-20 16:06:04'),
	(35, 1, 1, 'HKSHZ', '2025-08-03', '2025-06-28', 'MYXBJ', 2, 'csv', 'STNNX', NULL, NULL, '2025-08-20 16:06:04', '2025-08-20 16:06:04'),
	(36, 1, 1, 'EVTEQ', '2025-05-04', '2025-07-08', 'ZBKMM', 2, 'pdf', 'AOAMY', NULL, NULL, '2025-08-20 16:06:04', '2025-08-20 16:06:04'),
	(37, 1, 1, 'GSOVC', '2025-05-28', '2025-07-03', 'RZYUO', 2, 'docx', 'MDVQQ', NULL, NULL, '2025-08-20 16:06:04', '2025-08-20 16:06:04'),
	(38, 1, 1, 'WKQED', '2025-06-05', '2025-03-28', 'GGZCP', 2, 'csv', 'YUGWC', NULL, NULL, '2025-08-20 16:06:04', '2025-08-20 16:06:04'),
	(39, 1, 1, 'ZSJMZ', '2025-02-03', '2025-05-06', 'CFWEC', 3, 'csv', 'DGLHC', NULL, NULL, '2025-08-20 16:06:04', '2025-08-20 16:06:04'),
	(40, 1, 1, 'OLBDQ', '2025-03-31', '2025-08-15', 'XQEFR', 2, 'docx', 'PTDAE', NULL, NULL, '2025-08-20 16:06:04', '2025-08-20 16:06:04'),
	(41, 1, 1, 'VMDFT', '2025-08-16', '2025-04-22', 'NNWST', 1, 'pdf', 'AMHBS', NULL, NULL, '2025-08-20 16:06:04', '2025-08-20 16:06:04'),
	(42, 1, 1, 'BKTNF', '2025-05-03', '2025-05-16', 'LQJKC', 2, 'docx', 'OQPAZ', NULL, NULL, '2025-08-20 16:06:04', '2025-08-20 16:06:04'),
	(43, 1, 1, 'GVMIN', '2025-01-15', '2025-01-26', 'XNRTE', 3, 'csv', 'CGKSJ', NULL, NULL, '2025-08-20 16:06:04', '2025-08-20 16:06:04'),
	(44, 1, 1, 'RELGK', '2025-06-12', '2025-08-05', 'FXXOL', 2, 'docx', 'YQLGE', NULL, NULL, '2025-08-20 16:06:04', '2025-08-20 16:06:04'),
	(45, 1, 1, 'PNHDI', '2025-01-31', '2025-07-09', 'XRQXF', 2, 'pdf', 'UONBI', NULL, NULL, '2025-08-20 16:06:04', '2025-08-20 16:06:04'),
	(46, 1, 1, 'TVDLA', '2025-06-01', '2025-06-11', 'EWLHQ', 1, 'docx', 'UQSHW', NULL, NULL, '2025-08-20 16:06:04', '2025-08-20 16:06:04'),
	(47, 1, 1, 'WHMKB', '2025-02-12', '2025-05-26', 'VPMAS', 3, 'docx', 'VYQWZ', NULL, NULL, '2025-08-20 16:06:04', '2025-08-20 16:06:04'),
	(48, 1, 1, 'SYDZK', '2025-05-20', '2025-05-06', 'MUVMI', 2, 'xlsx', 'YPTFI', NULL, NULL, '2025-08-20 16:06:04', '2025-08-20 16:06:04'),
	(49, 1, 1, 'JOVPB', '2025-03-31', '2025-04-28', 'OGLZN', 1, 'csv', 'QLRZG', NULL, NULL, '2025-08-20 16:06:04', '2025-08-20 16:06:04'),
	(50, 1, 1, 'THXVP', '2025-05-02', '2025-05-06', 'SPFPS', 3, 'xlsx', 'QPMWU', NULL, NULL, '2025-08-20 16:06:04', '2025-08-20 16:06:04'),
	(51, 1, 1, 'PPNMB', '2025-06-06', '2025-04-18', 'NHIHD', 3, 'docx', 'ONYPK', NULL, NULL, '2025-08-20 16:06:04', '2025-08-20 16:06:04'),
	(52, 1, 1, 'MJNFD', '2025-03-24', '2025-04-03', 'VBMBW', 2, 'csv', 'ICYDP', NULL, NULL, '2025-08-20 16:06:04', '2025-08-20 16:06:04'),
	(53, 1, 1, 'FUHLT', '2025-02-12', '2025-01-04', 'CWMWD', 1, 'xlsx', 'PMQZU', NULL, NULL, '2025-08-20 16:06:04', '2025-08-20 16:06:04'),
	(54, 1, 1, 'EIUSA', '2025-08-11', '2025-03-17', 'ATJEP', 1, 'csv', 'BSFVX', NULL, NULL, '2025-08-20 16:06:04', '2025-08-20 16:06:04'),
	(55, 1, 1, 'YRBVM', '2025-06-27', '2025-03-24', 'OKSVY', 2, 'docx', 'IHWNJ', NULL, NULL, '2025-08-20 16:06:04', '2025-08-20 16:06:04'),
	(56, 1, 1, 'GEMDQ', '2025-06-04', '2025-05-04', 'CFGTF', 1, 'xlsx', 'QSMBK', NULL, NULL, '2025-08-20 16:06:04', '2025-08-20 16:06:04'),
	(57, 1, 1, 'GJNFI', '2025-07-19', '2025-06-15', 'XZWLY', 1, 'csv', 'YMDTV', NULL, NULL, '2025-08-20 16:06:04', '2025-08-20 16:06:04'),
	(58, 1, 1, 'KSLZG', '2025-06-26', '2025-02-21', 'MUBUE', 2, 'csv', 'HLIZZ', NULL, NULL, '2025-08-20 16:06:04', '2025-08-20 16:06:04'),
	(59, 1, 1, 'FOEDP', '2025-06-30', '2025-02-27', 'AKOZS', 3, 'docx', 'OOJCK', NULL, NULL, '2025-08-20 16:06:04', '2025-08-20 16:06:04'),
	(60, 1, 1, 'KYGKJ', '2025-03-11', '2025-07-14', 'IEKGO', 2, 'csv', 'AZSVT', NULL, NULL, '2025-08-20 16:06:04', '2025-08-20 16:06:04'),
	(61, 1, 1, 'UICKN', '2025-08-17', '2025-08-02', 'QKPWF', 1, 'csv', 'QHUCG', NULL, NULL, '2025-08-20 16:06:04', '2025-08-20 16:06:04'),
	(62, 1, 1, 'ZLUZH', '2025-03-24', '2025-05-21', 'QDTBL', 2, 'xlsx', 'ZLDWB', NULL, NULL, '2025-08-20 16:06:04', '2025-08-20 16:06:04'),
	(63, 1, 1, 'MMLVM', '2025-03-21', '2025-02-15', 'GLTVK', 1, 'docx', 'RYDJD', NULL, NULL, '2025-08-20 16:06:04', '2025-08-20 16:06:04'),
	(64, 1, 1, 'HLDHL', '2025-04-22', '2025-01-17', 'NMCOE', 3, 'docx', 'YDZAZ', NULL, NULL, '2025-08-20 16:06:04', '2025-08-20 16:06:04'),
	(65, 1, 1, 'GZEUN', '2025-06-08', '2025-05-26', 'IEJWW', 3, 'pdf', 'FVTPN', NULL, NULL, '2025-08-20 16:06:04', '2025-08-20 16:06:04'),
	(66, 1, 1, 'HPPBB', '2025-04-09', '2025-03-10', 'QQEZO', 3, 'xlsx', 'QVTCM', NULL, NULL, '2025-08-20 16:06:04', '2025-08-20 16:06:04'),
	(67, 1, 1, 'ZSWLP', '2025-02-22', '2025-03-08', 'BZASS', 2, 'docx', 'RWHYL', NULL, NULL, '2025-08-20 16:06:04', '2025-08-20 16:06:04'),
	(68, 1, 1, 'JZFJD', '2025-02-28', '2025-07-08', 'JPDGF', 2, 'docx', 'KIRED', NULL, NULL, '2025-08-20 16:06:04', '2025-08-20 16:06:04'),
	(69, 1, 1, 'HOPTC', '2025-04-03', '2025-05-04', 'CFVXF', 2, 'xlsx', 'ETOEI', NULL, NULL, '2025-08-20 16:06:04', '2025-08-20 16:06:04'),
	(70, 1, 1, 'MPQRC', '2025-01-30', '2025-04-05', 'FFDFT', 1, 'csv', 'CMHXX', NULL, NULL, '2025-08-20 16:06:04', '2025-08-20 16:06:04'),
	(71, 1, 1, 'COCTW', '2025-01-04', '2025-02-18', 'LAWOF', 3, 'csv', 'BBBSS', NULL, NULL, '2025-08-20 16:06:04', '2025-08-20 16:06:04'),
	(72, 1, 1, 'ZYESE', '2025-01-10', '2025-04-03', 'AJEEA', 3, 'docx', 'LXLVC', NULL, NULL, '2025-08-20 16:06:04', '2025-08-20 16:06:04'),
	(73, 1, 1, 'ZALBR', '2025-07-08', '2025-06-03', 'SJOSO', 3, 'xlsx', 'BJAAM', NULL, NULL, '2025-08-20 16:06:04', '2025-08-20 16:06:04'),
	(74, 1, 1, 'HRKPC', '2025-01-26', '2025-03-15', 'OICYN', 2, 'pdf', 'ZTNRN', NULL, NULL, '2025-08-20 16:06:04', '2025-08-20 16:06:04'),
	(75, 1, 1, 'CBJBV', '2025-01-29', '2025-04-04', 'OIGGU', 3, 'xlsx', 'LGOJL', NULL, NULL, '2025-08-20 16:06:04', '2025-08-20 16:06:04'),
	(76, 1, 1, 'ISIFA', '2025-01-13', '2025-07-31', 'HIMQT', 1, 'docx', 'GRDCW', NULL, NULL, '2025-08-20 16:06:04', '2025-08-20 16:06:04'),
	(77, 1, 1, 'RJPAS', '2025-03-26', '2025-07-08', 'GWTOI', 2, 'csv', 'CBRLH', NULL, NULL, '2025-08-20 16:06:04', '2025-08-20 16:06:04'),
	(78, 1, 1, 'RCGSS', '2025-04-15', '2025-04-06', 'YQWRF', 1, 'docx', 'LGCJQ', NULL, NULL, '2025-08-20 16:06:04', '2025-08-20 16:06:04'),
	(79, 1, 1, 'XFPMO', '2025-06-14', '2025-06-06', 'MPXDJ', 2, 'docx', 'SXTLN', NULL, NULL, '2025-08-20 16:06:04', '2025-08-20 16:06:04'),
	(80, 1, 1, 'WFHZR', '2025-07-29', '2025-04-28', 'RGNOS', 3, 'pdf', 'NZTET', NULL, NULL, '2025-08-20 16:06:04', '2025-08-20 16:06:04'),
	(81, 1, 1, 'WXIBQ', '2025-02-21', '2025-05-19', 'KBDMR', 1, 'pdf', 'HQYIN', NULL, NULL, '2025-08-20 16:06:04', '2025-08-20 16:06:04'),
	(82, 1, 1, 'HLSOU', '2025-06-24', '2025-01-06', 'RRYRH', 1, 'csv', 'WUXQP', NULL, NULL, '2025-08-20 16:06:04', '2025-08-20 16:06:04'),
	(83, 1, 1, 'YXXDD', '2025-06-27', '2025-04-09', 'NSZMB', 3, 'pdf', 'HNHKA', NULL, NULL, '2025-08-20 16:06:04', '2025-08-20 16:06:04'),
	(84, 1, 1, 'ZQZXJ', '2025-07-17', '2025-01-21', 'UHYNO', 2, 'xlsx', 'GGQPP', NULL, NULL, '2025-08-20 16:06:04', '2025-08-20 16:06:04'),
	(85, 1, 1, 'CNDJF', '2025-05-07', '2025-02-25', 'EYQGV', 1, 'docx', 'JETBP', NULL, NULL, '2025-08-20 16:06:04', '2025-08-20 16:06:04'),
	(86, 1, 1, 'XLOTB', '2025-05-14', '2025-02-05', 'KXZRF', 1, 'pdf', 'MQPAS', NULL, NULL, '2025-08-20 16:06:04', '2025-08-20 16:06:04'),
	(87, 1, 1, 'GUFNU', '2025-01-11', '2025-03-11', 'LCNZA', 1, 'xlsx', 'GYPVB', NULL, NULL, '2025-08-20 16:06:04', '2025-08-20 16:06:04'),
	(88, 1, 1, 'NPUMN', '2025-02-09', '2025-02-22', 'DSPVN', 1, 'xlsx', 'BQUCB', NULL, NULL, '2025-08-20 16:06:04', '2025-08-20 16:06:04'),
	(89, 1, 1, 'WLKUF', '2025-05-18', '2025-06-20', 'SWRCQ', 3, 'xlsx', 'EXYYZ', NULL, NULL, '2025-08-20 16:06:04', '2025-08-20 16:06:04'),
	(90, 1, 1, 'YDOTH', '2025-02-23', '2025-06-11', 'KIEPE', 3, 'docx', 'RFDEH', NULL, NULL, '2025-08-20 16:06:04', '2025-08-20 16:06:04'),
	(91, 1, 1, 'YJGGA', '2025-06-19', '2025-03-25', 'VMEBQ', 2, 'pdf', 'XDPRQ', NULL, NULL, '2025-08-20 16:06:04', '2025-08-20 16:06:04'),
	(92, 1, 1, 'VEXVX', '2025-05-10', '2025-03-20', 'ETQEH', 3, 'csv', 'SDQRA', NULL, NULL, '2025-08-20 16:06:04', '2025-08-20 16:06:04'),
	(93, 1, 1, 'IZQWD', '2025-04-18', '2025-06-23', 'CJTNA', 2, 'csv', 'QLQQH', NULL, NULL, '2025-08-20 16:06:04', '2025-08-20 16:06:04'),
	(94, 1, 1, 'AOQRZ', '2025-05-28', '2025-05-21', 'GJXKT', 2, 'docx', 'ETIKN', NULL, NULL, '2025-08-20 16:06:04', '2025-08-20 16:06:04'),
	(95, 1, 1, 'ZOBCJ', '2025-04-25', '2025-07-30', 'XYFRN', 2, 'pdf', 'UTNCL', NULL, NULL, '2025-08-20 16:06:04', '2025-08-20 16:06:04'),
	(96, 1, 1, 'XGSZM', '2025-03-05', '2025-07-24', 'IORZB', 1, 'xlsx', 'AFPMD', NULL, NULL, '2025-08-20 16:06:04', '2025-08-20 16:06:04'),
	(97, 1, 1, 'BMDFF', '2025-01-07', '2025-04-07', 'UJYWB', 3, 'xlsx', 'PTKAV', NULL, NULL, '2025-08-20 16:06:04', '2025-08-20 16:06:04'),
	(98, 1, 1, 'QHPYG', '2025-07-12', '2025-04-04', 'JAGQI', 3, 'xlsx', 'NPSJL', NULL, NULL, '2025-08-20 16:06:04', '2025-08-20 16:06:04'),
	(99, 1, 1, 'XUXDM', '2025-07-17', '2025-03-26', 'ZZIPW', 3, 'docx', 'JXPQL', NULL, NULL, '2025-08-20 16:06:04', '2025-08-20 16:06:04'),
	(100, 1, 1, 'MXKJX', '2025-04-27', '2025-04-07', 'ITQVF', 2, 'pdf', 'MSLCI', NULL, NULL, '2025-08-20 16:06:04', '2025-08-20 16:06:04'),
	(101, 1, 1, 'UFJSG', '2025-04-05', '2025-08-06', 'JOPFX', 1, 'docx', 'FAUWU', NULL, NULL, '2025-08-20 16:06:04', '2025-08-20 16:06:04'),
	(102, 1, 1, 'SBZZS', '2025-01-16', '2025-04-26', 'UWTEZ', 2, 'xlsx', 'EBOBJ', NULL, NULL, '2025-08-20 16:06:04', '2025-08-20 16:06:04'),
	(103, 1, 1, 'CCWIR', '2025-05-06', '2025-04-11', 'KLKCE', 3, 'csv', 'AALNC', NULL, NULL, '2025-08-20 16:06:04', '2025-08-20 16:06:04'),
	(104, 1, 1, 'ZJZTY', '2025-04-06', '2025-02-11', 'TGJOQ', 3, 'csv', 'EGPUM', NULL, NULL, '2025-08-20 16:06:04', '2025-08-20 16:06:04'),
	(105, 1, 1, 'ELOZD', '2025-06-15', '2025-01-12', 'WGRWX', 1, 'xlsx', 'ZABFT', NULL, NULL, '2025-08-20 16:06:04', '2025-08-20 16:06:04'),
	(106, 1, 1, 'DSAMP', '2025-07-31', '2025-03-06', 'OMZKN', 2, 'xlsx', 'FWHKO', NULL, NULL, '2025-08-20 16:06:04', '2025-08-20 16:06:04'),
	(107, 1, 1, 'LWLIU', '2025-01-23', '2025-04-26', 'KYZMM', 2, 'docx', 'TCBLC', NULL, NULL, '2025-08-20 16:06:04', '2025-08-20 16:06:04'),
	(108, 1, 1, 'ODKNG', '2025-03-18', '2025-08-15', 'SMXMQ', 3, 'csv', 'JZJAC', NULL, NULL, '2025-08-20 16:06:04', '2025-08-20 16:06:04'),
	(109, 1, 1, 'TFCRZ', '2025-08-08', '2025-03-01', 'AKOTF', 2, 'docx', 'WYQTH', NULL, NULL, '2025-08-20 16:06:04', '2025-08-20 16:06:04'),
	(110, 1, 1, 'RTJDY', '2025-04-29', '2025-01-28', 'UKBIT', 1, 'csv', 'UFVJR', NULL, NULL, '2025-08-20 16:06:04', '2025-08-20 16:06:04'),
	(111, 1, 1, 'PPBHT', '2025-03-01', '2025-02-10', 'JJZZT', 3, 'pdf', 'PDGQO', NULL, NULL, '2025-08-20 16:06:04', '2025-08-20 16:06:04'),
	(112, 1, 1, 'PYWGE', '2025-03-22', '2025-03-23', 'KXSWK', 2, 'xlsx', 'RUBQP', NULL, NULL, '2025-08-20 16:06:04', '2025-08-20 16:06:04'),
	(113, 1, 1, 'IMUAA', '2025-02-11', '2025-07-08', 'VSMDV', 1, 'xlsx', 'NRLNO', NULL, NULL, '2025-08-20 16:06:04', '2025-08-20 16:06:04'),
	(114, 1, 1, 'RQDTZ', '2025-04-07', '2025-01-11', 'OLQZP', 1, 'pdf', 'BCEJG', NULL, NULL, '2025-08-20 16:06:04', '2025-08-20 16:06:04'),
	(115, 1, 1, 'PBSDO', '2025-06-03', '2025-06-02', 'URAFP', 2, 'docx', 'TABCK', NULL, NULL, '2025-08-20 16:06:04', '2025-08-20 16:06:04'),
	(116, 1, 1, 'CWLLY', '2025-07-07', '2025-02-03', 'FZGPX', 3, 'pdf', 'JYEYC', NULL, NULL, '2025-08-20 16:06:04', '2025-08-20 16:06:04'),
	(117, 1, 1, 'QWTWO', '2025-08-11', '2025-06-19', 'YLTIH', 3, 'pdf', 'SAKQY', NULL, NULL, '2025-08-20 16:06:04', '2025-08-20 16:06:04'),
	(118, 1, 1, 'MQLFP', '2025-04-27', '2025-01-09', 'ZQKDV', 3, 'csv', 'HNQDH', NULL, NULL, '2025-08-20 16:06:04', '2025-08-20 16:06:04'),
	(119, 1, 1, 'TAYOQ', '2025-05-25', '2025-04-02', 'TAXLB', 1, 'xlsx', 'KWVVM', NULL, NULL, '2025-08-20 16:06:04', '2025-08-20 16:06:04'),
	(120, 1, 1, 'GEAHO', '2025-06-09', '2025-02-24', 'EEMIA', 3, 'xlsx', 'ARFTX', NULL, NULL, '2025-08-20 16:06:04', '2025-08-20 16:06:04'),
	(121, 1, 1, 'ANQTN', '2025-01-05', '2025-05-30', 'LNROX', 3, 'docx', 'XRETP', NULL, NULL, '2025-08-20 16:06:04', '2025-08-20 16:06:04'),
	(122, 1, 1, 'IJLWN', '2025-05-11', '2025-04-20', 'LLMNK', 2, 'docx', 'YREMR', NULL, NULL, '2025-08-20 16:06:04', '2025-08-20 16:06:04'),
	(123, 1, 1, 'UWJCB', '2025-03-19', '2025-06-24', 'CFKJU', 3, 'xlsx', 'SMOBM', NULL, NULL, '2025-08-20 16:06:04', '2025-08-20 16:06:04'),
	(124, 1, 1, 'CJWQS', '2025-02-10', '2025-03-25', 'OOLGI', 2, 'xlsx', 'OPDAH', NULL, NULL, '2025-08-20 16:06:04', '2025-08-20 16:06:04'),
	(125, 1, 1, 'HTCLW', '2025-02-08', '2025-03-21', 'UVTPI', 1, 'pdf', 'RDMEN', NULL, NULL, '2025-08-20 16:06:04', '2025-08-20 16:06:04'),
	(126, 1, 1, 'IKGAP', '2025-03-25', '2025-06-06', 'VPJZT', 1, 'csv', 'SOOPP', NULL, NULL, '2025-08-20 16:06:04', '2025-08-20 16:06:04'),
	(127, 1, 1, 'ZLWQX', '2025-03-25', '2025-02-11', 'GMFTV', 3, 'pdf', 'UHKPC', NULL, NULL, '2025-08-20 16:06:04', '2025-08-20 16:06:04'),
	(128, 1, 1, 'IMLMU', '2025-07-24', '2025-08-13', 'NCXST', 1, 'csv', 'VXNYZ', NULL, NULL, '2025-08-20 16:06:04', '2025-08-20 16:06:04'),
	(129, 1, 1, 'XIDUA', '2025-08-16', '2025-01-15', 'YAWAG', 3, 'xlsx', 'LXXPS', NULL, NULL, '2025-08-20 16:06:04', '2025-08-20 16:06:04'),
	(130, 1, 1, 'OCWSJ', '2025-03-02', '2025-06-20', 'IGVHZ', 2, 'xlsx', 'IYKNX', NULL, NULL, '2025-08-20 16:06:04', '2025-08-20 16:06:04'),
	(131, 1, 1, 'WMBDB', '2025-06-05', '2025-07-07', 'KEGFJ', 1, 'csv', 'IBSFQ', NULL, NULL, '2025-08-20 16:06:04', '2025-08-20 16:06:04'),
	(132, 1, 1, 'TAOFL', '2025-08-10', '2025-01-28', 'QNFCM', 2, 'xlsx', 'COXVN', NULL, NULL, '2025-08-20 16:06:04', '2025-08-20 16:06:04'),
	(133, 1, 1, 'HWXPH', '2025-05-27', '2025-03-13', 'ZDNIY', 2, 'docx', 'JYCND', NULL, NULL, '2025-08-20 16:06:04', '2025-08-20 16:06:04'),
	(134, 1, 1, 'MWATH', '2025-01-12', '2025-05-07', 'IWDRX', 3, 'csv', 'BGAAS', NULL, NULL, '2025-08-20 16:06:04', '2025-08-20 16:06:04'),
	(135, 1, 1, 'IJURA', '2025-04-03', '2025-08-17', 'OKLNX', 3, 'pdf', 'LXHAL', NULL, NULL, '2025-08-20 16:06:04', '2025-08-20 16:06:04'),
	(136, 1, 1, 'WBPEK', '2025-01-11', '2025-05-05', 'FFBSK', 1, 'pdf', 'ODYKM', NULL, NULL, '2025-08-20 16:06:04', '2025-08-20 16:06:04'),
	(137, 1, 1, 'UVOBA', '2025-04-13', '2025-03-23', 'OUYEC', 3, 'xlsx', 'COYJP', NULL, NULL, '2025-08-20 16:06:04', '2025-08-20 16:06:04'),
	(138, 1, 1, 'HBLTP', '2025-02-05', '2025-04-08', 'MEXIZ', 3, 'pdf', 'EJOPU', NULL, NULL, '2025-08-20 16:06:04', '2025-08-20 16:06:04'),
	(139, 1, 1, 'XFOQQ', '2025-03-12', '2025-02-26', 'KADAU', 3, 'docx', 'HLYAM', NULL, NULL, '2025-08-20 16:06:04', '2025-08-20 16:06:04'),
	(140, 1, 1, 'WLRXI', '2025-07-18', '2025-01-10', 'FDGJJ', 2, 'pdf', 'AMDLW', NULL, NULL, '2025-08-20 16:06:04', '2025-08-20 16:06:04'),
	(141, 1, 1, 'VHQLN', '2025-02-13', '2025-08-20', 'GYVAO', 3, 'pdf', 'SCNNO', NULL, NULL, '2025-08-20 16:06:04', '2025-08-20 16:06:04'),
	(142, 1, 1, 'YMPNH', '2025-05-02', '2025-05-23', 'IGXRX', 1, 'docx', 'GKUBJ', NULL, NULL, '2025-08-20 16:06:04', '2025-08-20 16:06:04'),
	(143, 1, 1, 'SMPYQ', '2025-03-03', '2025-04-12', 'SBXJG', 1, 'csv', 'GEJAO', NULL, NULL, '2025-08-20 16:06:04', '2025-08-20 16:06:04'),
	(144, 1, 1, 'YSVIO', '2025-08-02', '2025-02-28', 'XEPJX', 1, 'csv', 'FJLLW', NULL, NULL, '2025-08-20 16:06:04', '2025-08-20 16:06:04'),
	(145, 1, 1, 'WYLLA', '2025-03-11', '2025-04-17', 'PMFDC', 1, 'xlsx', 'RQFWR', NULL, NULL, '2025-08-20 16:06:04', '2025-08-20 16:06:04'),
	(146, 1, 1, 'ZJTYZ', '2025-03-15', '2025-06-23', 'WDVKW', 2, 'pdf', 'ZTDPA', NULL, NULL, '2025-08-20 16:06:04', '2025-08-20 16:06:04'),
	(147, 1, 1, 'OJCAU', '2025-01-18', '2025-07-19', 'FBHYB', 3, 'docx', 'RZNOK', NULL, NULL, '2025-08-20 16:06:04', '2025-08-20 16:06:04'),
	(148, 1, 1, 'KLSYN', '2025-03-07', '2025-08-17', 'LLJUO', 1, 'xlsx', 'ZILVS', NULL, NULL, '2025-08-20 16:06:04', '2025-08-20 16:06:04'),
	(149, 1, 1, 'RBSNN', '2025-04-16', '2025-07-27', 'ATHVZ', 3, 'xlsx', 'UXAPF', NULL, NULL, '2025-08-20 16:06:04', '2025-08-20 16:06:04'),
	(150, 1, 1, 'ODKXT', '2025-05-18', '2025-05-05', 'HEEXO', 1, 'docx', 'HXVQF', NULL, NULL, '2025-08-20 16:06:04', '2025-08-20 16:06:04'),
	(151, 1, 1, 'WBBNP', '2025-03-26', '2025-03-30', 'ANNLW', 3, 'pdf', 'YBUCH', NULL, NULL, '2025-08-20 16:06:04', '2025-08-20 16:06:04'),
	(152, 1, 1, 'YRFEG', '2025-02-22', '2025-05-09', 'BHCXL', 2, 'docx', 'HOGGO', NULL, NULL, '2025-08-20 16:06:04', '2025-08-20 16:06:04'),
	(153, 1, 1, 'GQZWX', '2025-04-27', '2025-06-17', 'QWAKB', 3, 'pdf', 'EOHAR', NULL, NULL, '2025-08-20 16:06:04', '2025-08-20 16:06:04'),
	(154, 1, 1, 'HBFNX', '2025-07-03', '2025-03-01', 'KZCEH', 3, 'docx', 'MBGAU', NULL, NULL, '2025-08-20 16:06:04', '2025-08-20 16:06:04'),
	(155, 1, 1, 'DOELO', '2025-06-19', '2025-01-25', 'PDENT', 1, 'xlsx', 'TVJKR', NULL, NULL, '2025-08-20 16:06:04', '2025-08-20 16:06:04'),
	(156, 1, 1, 'DRVXY', '2025-06-29', '2025-05-21', 'KPCNY', 3, 'csv', 'GHDMJ', NULL, NULL, '2025-08-20 16:06:04', '2025-08-20 16:06:04'),
	(157, 1, 1, 'WWJCW', '2025-01-30', '2025-01-08', 'XLDAA', 1, 'docx', 'EDSAB', NULL, NULL, '2025-08-20 16:06:04', '2025-08-20 16:06:04'),
	(158, 1, 1, 'TSEOF', '2025-07-14', '2025-07-22', 'CZCQZ', 3, 'pdf', 'OGJZB', NULL, NULL, '2025-08-20 16:06:04', '2025-08-20 16:06:04'),
	(159, 1, 1, 'GLAEJ', '2025-03-24', '2025-01-16', 'HOOLT', 2, 'csv', 'FFTTL', NULL, NULL, '2025-08-20 16:06:04', '2025-08-20 16:06:04'),
	(160, 1, 1, 'PKWMS', '2025-07-21', '2025-05-28', 'TLTQJ', 1, 'xlsx', 'TVDTB', NULL, NULL, '2025-08-20 16:06:04', '2025-08-20 16:06:04'),
	(161, 1, 1, 'KJRAO', '2025-05-13', '2025-03-24', 'ZNQJK', 2, 'pdf', 'THQIP', NULL, NULL, '2025-08-20 16:06:04', '2025-08-20 16:06:04'),
	(162, 1, 1, 'JIFAT', '2025-04-15', '2025-02-02', 'JTEAT', 2, 'xlsx', 'IVFGN', NULL, NULL, '2025-08-20 16:06:04', '2025-08-20 16:06:04'),
	(163, 1, 1, 'YOBQQ', '2025-01-09', '2025-07-21', 'IZXOJ', 1, 'pdf', 'SFLWP', NULL, NULL, '2025-08-20 16:06:04', '2025-08-20 16:06:04'),
	(164, 1, 1, 'ZJBQZ', '2025-04-07', '2025-01-23', 'IWEIB', 2, 'pdf', 'QJFIB', NULL, NULL, '2025-08-20 16:06:04', '2025-08-20 16:06:04'),
	(165, 1, 1, 'GQIHG', '2025-07-25', '2025-07-09', 'HHHLO', 1, 'pdf', 'IEVAT', NULL, NULL, '2025-08-20 16:06:04', '2025-08-20 16:06:04'),
	(166, 1, 1, 'NXISY', '2025-06-24', '2025-01-06', 'LUNAG', 3, 'xlsx', 'IHGLC', NULL, NULL, '2025-08-20 16:06:04', '2025-08-20 16:06:04'),
	(167, 1, 1, 'GCSLB', '2025-02-21', '2025-02-23', 'DTHMG', 3, 'xlsx', 'FEYIY', NULL, NULL, '2025-08-20 16:06:04', '2025-08-20 16:06:04'),
	(168, 1, 1, 'IEPBJ', '2025-06-30', '2025-03-27', 'ISBNO', 3, 'docx', 'GGKTI', NULL, NULL, '2025-08-20 16:06:04', '2025-08-20 16:06:04'),
	(169, 1, 1, 'PIMZR', '2025-01-15', '2025-02-27', 'DBQCQ', 2, 'pdf', 'ZYSYG', NULL, NULL, '2025-08-20 16:06:04', '2025-08-20 16:06:04'),
	(170, 1, 1, 'VIJWX', '2025-05-22', '2025-03-21', 'GTBQX', 3, 'xlsx', 'QNDCG', NULL, NULL, '2025-08-20 16:06:04', '2025-08-20 16:06:04'),
	(171, 1, 1, 'BZYSD', '2025-04-06', '2025-06-18', 'OCZML', 2, 'pdf', 'MLKJT', NULL, NULL, '2025-08-20 16:06:04', '2025-08-20 16:06:04'),
	(172, 1, 1, 'VSEOH', '2025-05-20', '2025-03-18', 'CRGXB', 2, 'docx', 'PSJHY', NULL, NULL, '2025-08-20 16:06:04', '2025-08-20 16:06:04'),
	(173, 1, 1, 'CCHBC', '2025-04-30', '2025-05-09', 'SCFDR', 1, 'csv', 'ATJOW', NULL, NULL, '2025-08-20 16:06:04', '2025-08-20 16:06:04'),
	(174, 1, 1, 'MGNSQ', '2025-03-04', '2025-02-02', 'ULQWJ', 2, 'pdf', 'KOFHQ', NULL, NULL, '2025-08-20 16:06:04', '2025-08-20 16:06:04'),
	(175, 1, 1, 'ANWND', '2025-03-30', '2025-02-07', 'DGLAQ', 1, 'pdf', 'QGHDL', NULL, NULL, '2025-08-20 16:06:04', '2025-08-20 16:06:04'),
	(176, 1, 1, 'LAOAA', '2025-03-11', '2025-04-21', 'FMNBA', 1, 'docx', 'YUCEB', NULL, NULL, '2025-08-20 16:06:04', '2025-08-20 16:06:04'),
	(177, 1, 1, 'TIWUI', '2025-03-31', '2025-05-10', 'ISIKY', 2, 'csv', 'VDJNQ', NULL, NULL, '2025-08-20 16:06:04', '2025-08-20 16:06:04'),
	(178, 1, 1, 'QUEEW', '2025-01-04', '2025-01-21', 'HGORG', 1, 'xlsx', 'DCUPC', NULL, NULL, '2025-08-20 16:06:04', '2025-08-20 16:06:04'),
	(179, 1, 1, 'IVHAX', '2025-07-05', '2025-01-18', 'BPDOE', 2, 'xlsx', 'VRIRP', NULL, NULL, '2025-08-20 16:06:04', '2025-08-20 16:06:04'),
	(180, 1, 1, 'ZIUHQ', '2025-06-03', '2025-03-10', 'IRZFL', 1, 'csv', 'GPXEF', NULL, NULL, '2025-08-20 16:06:04', '2025-08-20 16:06:04'),
	(181, 1, 1, 'NEWBB', '2025-03-03', '2025-06-26', 'BRSGW', 1, 'pdf', 'YSGIO', NULL, NULL, '2025-08-20 16:06:04', '2025-08-20 16:06:04'),
	(182, 1, 1, 'AZNFM', '2025-01-06', '2025-02-28', 'VUKVV', 2, 'docx', 'SEOXQ', NULL, NULL, '2025-08-20 16:06:04', '2025-08-20 16:06:04'),
	(183, 1, 1, 'ZARSR', '2025-05-17', '2025-05-04', 'KMDYN', 3, 'csv', 'DARBL', NULL, NULL, '2025-08-20 16:06:04', '2025-08-20 16:06:04'),
	(184, 1, 1, 'EFDVC', '2025-01-21', '2025-07-23', 'XTQLY', 2, 'xlsx', 'PCMWD', NULL, NULL, '2025-08-20 16:06:04', '2025-08-20 16:06:04'),
	(185, 1, 1, 'VFWWF', '2025-01-30', '2025-06-24', 'VIWAZ', 3, 'pdf', 'MMXZJ', NULL, NULL, '2025-08-20 16:06:04', '2025-08-20 16:06:04'),
	(186, 1, 1, 'QKZDK', '2025-05-18', '2025-06-24', 'CGCAG', 3, 'xlsx', 'GTLZT', NULL, NULL, '2025-08-20 16:06:04', '2025-08-20 16:06:04'),
	(187, 1, 1, 'NQPOM', '2025-01-30', '2025-04-27', 'BGWNQ', 2, 'xlsx', 'IGFDB', NULL, NULL, '2025-08-20 16:06:04', '2025-08-20 16:06:04'),
	(188, 1, 1, 'QZSUT', '2025-04-19', '2025-02-16', 'ZMLEP', 1, 'pdf', 'OANVW', NULL, NULL, '2025-08-20 16:06:04', '2025-08-20 16:06:04'),
	(189, 1, 1, 'KQIKJ', '2025-04-09', '2025-07-14', 'SXAUV', 2, 'pdf', 'NELPX', NULL, NULL, '2025-08-20 16:06:04', '2025-08-20 16:06:04'),
	(190, 1, 1, 'FWYBF', '2025-04-20', '2025-03-28', 'IQLDK', 2, 'docx', 'VWSBV', NULL, NULL, '2025-08-20 16:06:04', '2025-08-20 16:06:04'),
	(191, 1, 1, 'BNUMF', '2025-08-07', '2025-06-01', 'MVQBS', 3, 'docx', 'JIASE', NULL, NULL, '2025-08-20 16:06:04', '2025-08-20 16:06:04'),
	(192, 1, 1, 'TORWJ', '2025-01-24', '2025-03-22', 'CYCWO', 3, 'csv', 'APHWM', NULL, NULL, '2025-08-20 16:06:04', '2025-08-20 16:06:04'),
	(193, 1, 1, 'OLNPQ', '2025-06-20', '2025-07-30', 'NSJDZ', 2, 'docx', 'KTTWD', NULL, NULL, '2025-08-20 16:06:04', '2025-08-20 16:06:04'),
	(194, 1, 1, 'DXOXR', '2025-05-24', '2025-02-02', 'YRNKN', 3, 'csv', 'DVJPL', NULL, NULL, '2025-08-20 16:06:04', '2025-08-20 16:06:04'),
	(195, 1, 1, 'VBVGH', '2025-03-26', '2025-07-26', 'RGCSW', 1, 'xlsx', 'IXYSP', NULL, NULL, '2025-08-20 16:06:04', '2025-08-20 16:06:04'),
	(196, 1, 1, 'RBXUO', '2025-04-30', '2025-04-09', 'FIVCD', 2, 'xlsx', 'JLRQB', NULL, NULL, '2025-08-20 16:06:04', '2025-08-20 16:06:04'),
	(197, 1, 1, 'IOTGN', '2025-04-22', '2025-03-20', 'IHXIZ', 2, 'docx', 'TSOPX', NULL, NULL, '2025-08-20 16:06:04', '2025-08-20 16:06:04'),
	(198, 1, 1, 'NQJFI', '2025-08-12', '2025-08-01', 'ZXNIP', 3, 'docx', 'PWQXT', NULL, NULL, '2025-08-20 16:06:04', '2025-08-20 16:06:04'),
	(199, 1, 1, 'ZFPSO', '2025-05-08', '2025-05-26', 'WRKSF', 2, 'docx', 'YSJAM', NULL, NULL, '2025-08-20 16:06:04', '2025-08-20 16:06:04'),
	(200, 1, 1, 'NBXMX', '2025-02-03', '2025-06-15', 'AORSO', 3, 'xlsx', 'QHEXZ', NULL, NULL, '2025-08-20 16:06:04', '2025-08-20 16:06:04'),
	(201, 1, 1, 'ISHWV', '2025-07-05', '2025-03-28', 'TSMVL', 3, 'xlsx', 'EXYMN', NULL, NULL, '2025-08-20 16:06:04', '2025-08-20 16:06:04'),
	(202, 1, 1, 'MOFDF', '2025-07-16', '2025-04-17', 'IXJEM', 2, 'csv', 'HJLJX', NULL, NULL, '2025-08-20 16:06:04', '2025-08-20 16:06:04'),
	(203, 1, 1, 'CIKQR', '2025-05-09', '2025-06-15', 'JVNBA', 2, 'xlsx', 'MFSKW', NULL, NULL, '2025-08-20 16:06:04', '2025-08-20 16:06:04'),
	(204, 1, 1, 'RJCPN', '2025-05-31', '2025-02-08', 'DVAEC', 2, 'docx', 'SANHL', NULL, NULL, '2025-08-20 16:06:04', '2025-08-20 16:06:04'),
	(205, 1, 1, 'LEQSP', '2025-08-12', '2025-08-20', 'CYJSL', 2, 'xlsx', 'HXVZN', NULL, NULL, '2025-08-20 16:06:04', '2025-08-20 16:06:04'),
	(206, 1, 1, 'ICCKX', '2025-01-05', '2025-02-05', 'AZVCS', 3, 'pdf', 'SEAAI', NULL, NULL, '2025-08-20 16:06:04', '2025-08-20 16:06:04'),
	(207, 1, 1, 'RUHQY', '2025-03-12', '2025-02-25', 'PILOF', 3, 'pdf', 'NHCRD', NULL, NULL, '2025-08-20 16:06:04', '2025-08-20 16:06:04'),
	(208, 1, 1, 'NQBRQ', '2025-07-07', '2025-04-07', 'SUZNJ', 1, 'csv', 'UDXSI', NULL, NULL, '2025-08-20 16:06:04', '2025-08-20 16:06:04'),
	(209, 1, 1, 'VFFKD', '2025-04-09', '2025-02-27', 'PCAXP', 3, 'docx', 'YYRZT', NULL, NULL, '2025-08-20 16:06:04', '2025-08-20 16:06:04'),
	(210, 1, 1, 'TBLSF', '2025-03-23', '2025-06-27', 'TIRIB', 3, 'docx', 'YLLRF', NULL, NULL, '2025-08-20 16:06:04', '2025-08-20 16:06:04'),
	(211, 1, 1, 'CIBVM', '2025-05-14', '2025-06-01', 'ALISG', 2, 'xlsx', 'LWJNT', NULL, NULL, '2025-08-20 16:06:04', '2025-08-20 16:06:04'),
	(212, 1, 1, 'WUSVP', '2025-05-22', '2025-08-16', 'FLAZM', 1, 'xlsx', 'ZOMGH', NULL, NULL, '2025-08-20 16:06:04', '2025-08-20 16:06:04'),
	(213, 1, 1, 'WROAA', '2025-03-20', '2025-05-08', 'KEXKV', 2, 'csv', 'IGPCH', NULL, NULL, '2025-08-20 16:06:04', '2025-08-20 16:06:04'),
	(214, 1, 1, 'GBWZY', '2025-07-23', '2025-06-03', 'LILPF', 2, 'csv', 'UOKAI', NULL, NULL, '2025-08-20 16:06:04', '2025-08-20 16:06:04'),
	(215, 1, 1, 'PBVKJ', '2025-07-06', '2025-08-05', 'VHAOT', 1, 'xlsx', 'KGJPO', NULL, NULL, '2025-08-20 16:06:04', '2025-08-20 16:06:04'),
	(216, 1, 1, 'SWYQY', '2025-05-31', '2025-03-20', 'QTTZB', 3, 'csv', 'NMVSE', NULL, NULL, '2025-08-20 16:06:04', '2025-08-20 16:06:04'),
	(217, 1, 1, 'JRNRC', '2025-06-17', '2025-07-13', 'YUCRG', 2, 'docx', 'DAEZM', NULL, NULL, '2025-08-20 16:06:04', '2025-08-20 16:06:04'),
	(218, 1, 1, 'EPQNB', '2025-03-12', '2025-06-30', 'HABXE', 3, 'docx', 'MOOZY', NULL, NULL, '2025-08-20 16:06:04', '2025-08-20 16:06:04'),
	(219, 1, 1, 'MRYKN', '2025-04-13', '2025-06-07', 'FBPDH', 2, 'docx', 'DSRFY', NULL, NULL, '2025-08-20 16:06:04', '2025-08-20 16:06:04'),
	(220, 1, 1, 'DWZGA', '2025-08-12', '2025-07-23', 'HODFR', 1, 'xlsx', 'ZYEXC', NULL, NULL, '2025-08-20 16:06:04', '2025-08-20 16:06:04'),
	(221, 1, 1, 'WBLES', '2025-04-23', '2025-07-17', 'AAKNG', 3, 'pdf', 'UWVOE', NULL, NULL, '2025-08-20 16:06:04', '2025-08-20 16:06:04'),
	(222, 1, 1, 'PIQJH', '2025-02-28', '2025-07-28', 'ICQZE', 1, 'csv', 'TWWKI', NULL, NULL, '2025-08-20 16:06:04', '2025-08-20 16:06:04'),
	(223, 1, 1, 'XXGYJ', '2025-06-11', '2025-01-29', 'VIHAZ', 1, 'csv', 'BJFST', NULL, NULL, '2025-08-20 16:06:04', '2025-08-20 16:06:04'),
	(224, 1, 1, 'XFEDR', '2025-03-25', '2025-07-13', 'FGEIJ', 2, 'docx', 'JDSRQ', NULL, NULL, '2025-08-20 16:06:04', '2025-08-20 16:06:04'),
	(225, 1, 1, 'XJQKN', '2025-06-28', '2025-06-21', 'EPHII', 3, 'csv', 'UEUGD', NULL, NULL, '2025-08-20 16:06:04', '2025-08-20 16:06:04'),
	(226, 1, 1, 'IMHNT', '2025-01-16', '2025-01-24', 'VWLGI', 3, 'pdf', 'DNNIC', NULL, NULL, '2025-08-20 16:06:04', '2025-08-20 16:06:04'),
	(227, 1, 1, 'NYXNG', '2025-05-18', '2025-06-19', 'RLWPW', 2, 'pdf', 'CVIZW', NULL, NULL, '2025-08-20 16:06:04', '2025-08-20 16:06:04'),
	(228, 1, 1, 'RBUAJ', '2025-02-13', '2025-07-15', 'SVIQK', 3, 'xlsx', 'CEGGD', NULL, NULL, '2025-08-20 16:06:04', '2025-08-20 16:06:04'),
	(229, 1, 1, 'FMJPK', '2025-02-14', '2025-05-29', 'JHNNR', 1, 'docx', 'VHPOP', NULL, NULL, '2025-08-20 16:06:04', '2025-08-20 16:06:04'),
	(230, 1, 1, 'DZZGS', '2025-03-27', '2025-03-23', 'BKDZT', 1, 'docx', 'SRKLC', NULL, NULL, '2025-08-20 16:06:04', '2025-08-20 16:06:04'),
	(231, 1, 1, 'QGTKX', '2025-06-03', '2025-05-02', 'CKWRE', 2, 'docx', 'IMNEU', NULL, NULL, '2025-08-20 16:06:04', '2025-08-20 16:06:04'),
	(232, 1, 1, 'GYWAI', '2025-03-20', '2025-07-05', 'XAWAS', 3, 'pdf', 'FONFL', NULL, NULL, '2025-08-20 16:06:04', '2025-08-20 16:06:04'),
	(233, 1, 1, 'FPCHA', '2025-01-31', '2025-06-23', 'YIOEM', 3, 'csv', 'QBDCP', NULL, NULL, '2025-08-20 16:06:04', '2025-08-20 16:06:04'),
	(234, 1, 1, 'IZOWN', '2025-05-16', '2025-07-24', 'FYKCE', 1, 'xlsx', 'LFZHG', NULL, NULL, '2025-08-20 16:06:04', '2025-08-20 16:06:04'),
	(235, 1, 1, 'ZROHS', '2025-03-16', '2025-06-02', 'AIFIL', 2, 'csv', 'OXTKM', NULL, NULL, '2025-08-20 16:06:04', '2025-08-20 16:06:04'),
	(236, 1, 1, 'ZFDOS', '2025-05-05', '2025-07-03', 'NOWNE', 1, 'docx', 'BEMKF', NULL, NULL, '2025-08-20 16:06:04', '2025-08-20 16:06:04'),
	(237, 1, 1, 'IEUPS', '2025-06-05', '2025-06-30', 'AMTCB', 1, 'pdf', 'JCREH', NULL, NULL, '2025-08-20 16:06:04', '2025-08-20 16:06:04'),
	(238, 1, 1, 'XAKSR', '2025-06-28', '2025-04-30', 'HPZMH', 1, 'csv', 'ZTQFN', NULL, NULL, '2025-08-20 16:06:04', '2025-08-20 16:06:04'),
	(239, 1, 1, 'YBLTB', '2025-01-12', '2025-01-20', 'FPKKD', 2, 'xlsx', 'CRETF', NULL, NULL, '2025-08-20 16:06:04', '2025-08-20 16:06:04'),
	(240, 1, 1, 'SJBBA', '2025-03-10', '2025-01-22', 'PSXTK', 2, 'pdf', 'IAJSM', NULL, NULL, '2025-08-20 16:06:04', '2025-08-20 16:06:04'),
	(241, 1, 1, 'XVNTH', '2025-06-16', '2025-03-27', 'PGLDO', 1, 'xlsx', 'WOEXZ', NULL, NULL, '2025-08-20 16:06:04', '2025-08-20 16:06:04'),
	(242, 1, 1, 'MRFDC', '2025-02-23', '2025-04-27', 'DLSFP', 3, 'pdf', 'EDWJK', NULL, NULL, '2025-08-20 16:06:04', '2025-08-20 16:06:04'),
	(243, 1, 1, 'FSCNH', '2025-03-17', '2025-01-18', 'EKSTT', 3, 'csv', 'YYSHO', NULL, NULL, '2025-08-20 16:06:04', '2025-08-20 16:06:04'),
	(244, 1, 1, 'DVGQU', '2025-05-20', '2025-03-08', 'VAZSF', 3, 'pdf', 'FKAIT', NULL, NULL, '2025-08-20 16:06:04', '2025-08-20 16:06:04'),
	(245, 1, 1, 'FQXYU', '2025-08-09', '2025-03-11', 'NBBTR', 2, 'docx', 'OIWVY', NULL, NULL, '2025-08-20 16:06:04', '2025-08-20 16:06:04'),
	(246, 1, 1, 'DTNKM', '2025-08-01', '2025-01-31', 'FJIVO', 2, 'pdf', 'TVCQW', NULL, NULL, '2025-08-20 16:06:04', '2025-08-20 16:06:04'),
	(247, 1, 1, 'VFXRM', '2025-04-05', '2025-08-20', 'CPONS', 3, 'docx', 'QFTBR', NULL, NULL, '2025-08-20 16:06:04', '2025-08-20 16:06:04'),
	(248, 1, 1, 'VPXCU', '2025-06-18', '2025-08-03', 'THPBL', 3, 'csv', 'NTUKY', NULL, NULL, '2025-08-20 16:06:04', '2025-08-20 16:06:04'),
	(249, 1, 1, 'OZUWG', '2025-02-18', '2025-01-29', 'FEBGU', 2, 'docx', 'HWOVH', NULL, NULL, '2025-08-20 16:06:04', '2025-08-20 16:06:04'),
	(250, 1, 1, 'ICMOY', '2025-07-01', '2025-08-10', 'IEZPL', 1, 'xlsx', 'PEZDW', NULL, NULL, '2025-08-20 16:06:04', '2025-08-20 16:06:04'),
	(251, 1, 1, 'DFOZI', '2025-08-17', '2025-07-23', 'BVIKM', 3, 'pdf', 'MAJVU', NULL, NULL, '2025-08-20 16:06:04', '2025-08-20 16:06:04'),
	(252, 1, 1, 'DYMHK', '2025-04-17', '2025-04-18', 'JCLZT', 3, 'docx', 'VZGYC', NULL, NULL, '2025-08-20 16:06:04', '2025-08-20 16:06:04'),
	(253, 1, 1, 'HOZGI', '2025-08-05', '2025-07-09', 'IDYRE', 1, 'docx', 'UZCAR', NULL, NULL, '2025-08-20 16:06:04', '2025-08-20 16:06:04'),
	(254, 1, 1, 'TBAHC', '2025-07-11', '2025-03-08', 'VFQNG', 1, 'xlsx', 'PZAIQ', NULL, NULL, '2025-08-20 16:06:04', '2025-08-20 16:06:04'),
	(255, 1, 1, 'LBZOV', '2025-03-23', '2025-01-07', 'JHCXO', 3, 'xlsx', 'UCRPE', NULL, NULL, '2025-08-20 16:06:04', '2025-08-20 16:06:04'),
	(256, 1, 1, 'NULVQ', '2025-08-04', '2025-03-03', 'IWBCT', 1, 'docx', 'YABCD', NULL, NULL, '2025-08-20 16:06:04', '2025-08-20 16:06:04'),
	(257, 1, 1, 'KGGGV', '2025-03-04', '2025-04-27', 'MVLYQ', 3, 'xlsx', 'OENZD', NULL, NULL, '2025-08-20 16:06:04', '2025-08-20 16:06:04'),
	(258, 1, 1, 'AUNPE', '2025-05-08', '2025-07-03', 'ANUFR', 2, 'xlsx', 'LMOYI', NULL, NULL, '2025-08-20 16:06:04', '2025-08-20 16:06:04'),
	(259, 1, 1, 'XMYBL', '2025-03-26', '2025-07-08', 'GVBNY', 1, 'docx', 'QHFBF', NULL, NULL, '2025-08-20 16:06:04', '2025-08-20 16:06:04'),
	(260, 1, 1, 'LHUER', '2025-06-13', '2025-01-18', 'APGGM', 3, 'pdf', 'BACZB', NULL, NULL, '2025-08-20 16:06:04', '2025-08-20 16:06:04'),
	(261, 1, 1, 'DTUDT', '2025-04-02', '2025-03-04', 'XIASR', 2, 'pdf', 'DWORR', NULL, NULL, '2025-08-20 16:06:04', '2025-08-20 16:06:04'),
	(262, 1, 1, 'JXNSH', '2025-01-29', '2025-06-08', 'GXIYT', 2, 'docx', 'VTRQT', NULL, NULL, '2025-08-20 16:06:04', '2025-08-20 16:06:04'),
	(263, 1, 1, 'SOJME', '2025-05-28', '2025-02-07', 'UGCQG', 2, 'csv', 'XPXBI', NULL, NULL, '2025-08-20 16:06:04', '2025-08-20 16:06:04'),
	(264, 1, 1, 'EHKGK', '2025-03-05', '2025-05-18', 'KLZME', 1, 'csv', 'GMEVN', NULL, NULL, '2025-08-20 16:06:04', '2025-08-20 16:06:04'),
	(265, 1, 1, 'RWDCF', '2025-08-19', '2025-06-07', 'TBPAX', 2, 'xlsx', 'XLMTD', NULL, NULL, '2025-08-20 16:06:04', '2025-08-20 16:06:04'),
	(266, 1, 1, 'AQMBL', '2025-05-13', '2025-07-18', 'XHNDM', 2, 'csv', 'XYAGF', NULL, NULL, '2025-08-20 16:06:04', '2025-08-20 16:06:04'),
	(267, 1, 1, 'HYJEJ', '2025-07-07', '2025-05-15', 'CBUOE', 3, 'pdf', 'DCAYU', NULL, NULL, '2025-08-20 16:06:04', '2025-08-20 16:06:04'),
	(268, 1, 1, 'CCGXD', '2025-04-21', '2025-07-28', 'IBRCK', 3, 'csv', 'KDPTQ', NULL, NULL, '2025-08-20 16:06:04', '2025-08-20 16:06:04'),
	(269, 1, 1, 'GDJTC', '2025-01-08', '2025-02-24', 'QNQDW', 1, 'csv', 'HRMOQ', NULL, NULL, '2025-08-20 16:06:04', '2025-08-20 16:06:04'),
	(270, 1, 1, 'TPOPH', '2025-04-21', '2025-07-19', 'EOKEP', 1, 'xlsx', 'HAMLW', NULL, NULL, '2025-08-20 16:06:04', '2025-08-20 16:06:04'),
	(271, 1, 1, 'PISHE', '2025-02-26', '2025-02-10', 'FEWQM', 2, 'pdf', 'QEEED', NULL, NULL, '2025-08-20 16:06:04', '2025-08-20 16:06:04'),
	(272, 1, 1, 'DRKLG', '2025-07-21', '2025-06-25', 'NFZPH', 3, 'csv', 'FWODT', NULL, NULL, '2025-08-20 16:06:04', '2025-08-20 16:06:04'),
	(273, 1, 1, 'VGHEY', '2025-02-19', '2025-07-27', 'KJYGM', 1, 'csv', 'FAMZN', NULL, NULL, '2025-08-20 16:06:04', '2025-08-20 16:06:04'),
	(274, 1, 1, 'NFKWS', '2025-04-17', '2025-03-31', 'KJMFL', 3, 'csv', 'UCTCW', NULL, NULL, '2025-08-20 16:06:04', '2025-08-20 16:06:04'),
	(275, 1, 1, 'WMOXC', '2025-05-26', '2025-04-22', 'XXMGQ', 3, 'xlsx', 'XXKZM', NULL, NULL, '2025-08-20 16:06:04', '2025-08-20 16:06:04'),
	(276, 1, 1, 'XJADC', '2025-01-31', '2025-05-01', 'BJTOY', 3, 'docx', 'QZIMI', NULL, NULL, '2025-08-20 16:06:04', '2025-08-20 16:06:04'),
	(277, 1, 1, 'VEFDU', '2025-01-26', '2025-03-01', 'TXZTG', 1, 'xlsx', 'KZCNC', NULL, NULL, '2025-08-20 16:06:04', '2025-08-20 16:06:04'),
	(278, 1, 1, 'ANTVN', '2025-07-09', '2025-03-29', 'BPLGN', 1, 'pdf', 'AHKIB', NULL, NULL, '2025-08-20 16:06:04', '2025-08-20 16:06:04'),
	(279, 1, 1, 'MGUHL', '2025-03-28', '2025-04-01', 'QTOPV', 2, 'xlsx', 'DETMH', NULL, NULL, '2025-08-20 16:06:04', '2025-08-20 16:06:04'),
	(280, 1, 1, 'LIQRJ', '2025-06-13', '2025-04-20', 'LRSQG', 3, 'pdf', 'HNQMH', NULL, NULL, '2025-08-20 16:06:04', '2025-08-20 16:06:04'),
	(281, 1, 1, 'KSBMV', '2025-01-22', '2025-06-29', 'HBCNR', 2, 'docx', 'BXWIA', NULL, NULL, '2025-08-20 16:06:04', '2025-08-20 16:06:04'),
	(282, 1, 1, 'XHLWE', '2025-07-02', '2025-06-25', 'CWUWS', 3, 'pdf', 'MUEMU', NULL, NULL, '2025-08-20 16:06:04', '2025-08-20 16:06:04'),
	(283, 1, 1, 'WIQBV', '2025-07-02', '2025-05-29', 'TSSJA', 3, 'docx', 'CKDAT', NULL, NULL, '2025-08-20 16:06:04', '2025-08-20 16:06:04'),
	(284, 1, 1, 'TTLSS', '2025-01-10', '2025-05-19', 'TMIKQ', 2, 'pdf', 'SGOMV', NULL, NULL, '2025-08-20 16:06:04', '2025-08-20 16:06:04'),
	(285, 1, 1, 'YDSIY', '2025-07-05', '2025-05-04', 'QJLZR', 2, 'docx', 'IIIER', NULL, NULL, '2025-08-20 16:06:04', '2025-08-20 16:06:04'),
	(286, 1, 1, 'GZQOB', '2025-07-27', '2025-05-23', 'WXBLN', 1, 'csv', 'IHCPJ', NULL, NULL, '2025-08-20 16:06:04', '2025-08-20 16:06:04'),
	(287, 1, 1, 'VWDPK', '2025-05-09', '2025-04-08', 'CONLV', 2, 'docx', 'HRCAF', NULL, NULL, '2025-08-20 16:06:04', '2025-08-20 16:06:04'),
	(288, 1, 1, 'MAXRW', '2025-05-12', '2025-08-20', 'DXRZQ', 3, 'xlsx', 'CMKHF', NULL, NULL, '2025-08-20 16:06:04', '2025-08-20 16:06:04'),
	(289, 1, 1, 'DXOLR', '2025-05-13', '2025-06-04', 'NZXQQ', 1, 'csv', 'QVETE', NULL, NULL, '2025-08-20 16:06:04', '2025-08-20 16:06:04'),
	(290, 1, 1, 'QEMER', '2025-02-18', '2025-08-06', 'LXBIL', 1, 'pdf', 'ENLNR', NULL, NULL, '2025-08-20 16:06:04', '2025-08-20 16:06:04'),
	(291, 1, 1, 'RSGUE', '2025-08-02', '2025-02-08', 'UDBRO', 1, 'xlsx', 'HUQUW', NULL, NULL, '2025-08-20 16:06:04', '2025-08-20 16:06:04'),
	(292, 1, 1, 'IUIVZ', '2025-01-04', '2025-01-28', 'NSYRF', 1, 'pdf', 'MCREH', NULL, NULL, '2025-08-20 16:06:04', '2025-08-20 16:06:04'),
	(293, 1, 1, 'TFJER', '2025-07-26', '2025-01-15', 'CZCJR', 1, 'pdf', 'ZDCDT', NULL, NULL, '2025-08-20 16:06:04', '2025-08-20 16:06:04'),
	(294, 1, 1, 'AIHJE', '2025-01-12', '2025-07-16', 'YUTJP', 1, 'docx', 'XCQNX', NULL, NULL, '2025-08-20 16:06:04', '2025-08-20 16:06:04'),
	(295, 1, 1, 'IBZMJ', '2025-07-16', '2025-04-22', 'UDAGT', 1, 'csv', 'PGQFQ', NULL, NULL, '2025-08-20 16:06:04', '2025-08-20 16:06:04'),
	(296, 1, 1, 'WZOLZ', '2025-03-26', '2025-07-31', 'MTHFQ', 3, 'pdf', 'WWAMN', NULL, NULL, '2025-08-20 16:06:04', '2025-08-20 16:06:04'),
	(297, 1, 1, 'DBYQU', '2025-05-31', '2025-06-20', 'HPVTT', 2, 'xlsx', 'ADJIO', NULL, NULL, '2025-08-20 16:06:04', '2025-08-20 16:06:04'),
	(298, 1, 1, 'TRVGY', '2025-03-27', '2025-07-01', 'DJBSW', 1, 'xlsx', 'PZJNM', NULL, NULL, '2025-08-20 16:06:04', '2025-08-20 16:06:04'),
	(299, 1, 1, 'JWUCZ', '2025-03-03', '2025-01-08', 'HZJHG', 2, 'csv', 'XQGKU', NULL, NULL, '2025-08-20 16:06:04', '2025-08-20 16:06:04'),
	(300, 1, 1, 'SBWRC', '2025-08-07', '2025-07-14', 'BZQIR', 1, 'csv', 'CKRMA', NULL, NULL, '2025-08-20 16:06:04', '2025-08-20 16:06:04'),
	(301, 1, 1, 'RBYIN', '2025-06-02', '2025-02-01', 'QVBDJ', 1, 'pdf', 'YNXMH', NULL, NULL, '2025-08-20 16:06:04', '2025-08-20 16:06:04'),
	(302, 1, 1, 'DABUA', '2025-01-28', '2025-01-31', 'DEFFC', 1, 'xlsx', 'MMXZW', NULL, NULL, '2025-08-20 16:06:04', '2025-08-20 16:06:04'),
	(303, 1, 1, 'NBKGD', '2025-06-08', '2025-02-05', 'EMNTQ', 2, 'docx', 'LIQDR', NULL, NULL, '2025-08-20 16:06:04', '2025-08-20 16:06:04'),
	(304, 1, 1, 'KSGQN', '2025-01-25', '2025-05-26', 'LGOQK', 1, 'docx', 'IQOBF', NULL, NULL, '2025-08-20 16:06:04', '2025-08-20 16:06:04'),
	(305, 1, 1, 'IBGWU', '2025-04-25', '2025-03-16', 'NWVWP', 2, 'csv', 'SNOTP', NULL, NULL, '2025-08-20 16:06:04', '2025-08-20 16:06:04'),
	(306, 1, 1, 'QMVMG', '2025-03-30', '2025-02-06', 'GZGZU', 3, 'pdf', 'MVTEX', NULL, NULL, '2025-08-20 16:06:04', '2025-08-20 16:06:04'),
	(307, 1, 1, 'KLOFM', '2025-06-18', '2025-01-16', 'JAMDS', 2, 'docx', 'VBFTU', NULL, NULL, '2025-08-20 16:06:04', '2025-08-20 16:06:04'),
	(308, 1, 1, 'TPAUP', '2025-05-03', '2025-03-08', 'FXPVZ', 2, 'xlsx', 'THRPD', NULL, NULL, '2025-08-20 16:06:04', '2025-08-20 16:06:04'),
	(309, 1, 1, 'IIIPM', '2025-07-15', '2025-03-26', 'APNEK', 1, 'xlsx', 'GOAHC', NULL, NULL, '2025-08-20 16:06:04', '2025-08-20 16:06:04'),
	(310, 1, 1, 'PKEYY', '2025-05-03', '2025-04-06', 'SBZZE', 3, 'pdf', 'LQYIF', NULL, NULL, '2025-08-20 16:06:04', '2025-08-20 16:06:04'),
	(311, 1, 1, 'OAFMO', '2025-04-01', '2025-04-09', 'NVRAI', 3, 'pdf', 'AJPJH', NULL, NULL, '2025-08-20 16:06:04', '2025-08-20 16:06:04'),
	(312, 1, 1, 'NUWUF', '2025-06-02', '2025-07-24', 'HZJXI', 1, 'xlsx', 'IVYJX', NULL, NULL, '2025-08-20 16:06:04', '2025-08-20 16:06:04'),
	(313, 1, 1, 'TAYRZ', '2025-05-07', '2025-04-18', 'XNKHT', 1, 'csv', 'CJKRK', NULL, NULL, '2025-08-20 16:06:04', '2025-08-20 16:06:04'),
	(314, 1, 1, 'CIFAT', '2025-05-12', '2025-02-21', 'FVOCJ', 3, 'pdf', 'LEZAJ', NULL, NULL, '2025-08-20 16:06:04', '2025-08-20 16:06:04'),
	(315, 1, 1, 'VXATN', '2025-01-22', '2025-03-11', 'CDJFM', 1, 'docx', 'XEIGX', NULL, NULL, '2025-08-20 16:06:04', '2025-08-20 16:06:04'),
	(316, 1, 1, 'LZKYA', '2025-01-05', '2025-04-06', 'UIBQD', 3, 'csv', 'DWFJB', NULL, NULL, '2025-08-20 16:06:04', '2025-08-20 16:06:04'),
	(317, 1, 1, 'FRJJP', '2025-07-21', '2025-08-18', 'YZLWB', 3, 'xlsx', 'BVUBU', NULL, NULL, '2025-08-20 16:06:04', '2025-08-20 16:06:04'),
	(318, 1, 1, 'SYFIO', '2025-01-05', '2025-06-28', 'QMJWI', 3, 'docx', 'HVNVG', NULL, NULL, '2025-08-20 16:06:04', '2025-08-20 16:06:04'),
	(319, 1, 1, 'ZITHJ', '2025-01-12', '2025-03-01', 'VJCOV', 3, 'csv', 'OXPIC', NULL, NULL, '2025-08-20 16:06:04', '2025-08-20 16:06:04'),
	(320, 1, 1, 'ADEHN', '2025-05-09', '2025-05-09', 'HUUOR', 1, 'docx', 'AMQBC', NULL, NULL, '2025-08-20 16:06:04', '2025-08-20 16:06:04'),
	(321, 1, 1, 'GDUIT', '2025-06-30', '2025-06-20', 'BYWXU', 2, 'docx', 'GSKMK', NULL, NULL, '2025-08-20 16:06:04', '2025-08-20 16:06:04'),
	(322, 1, 1, 'YUTMG', '2025-02-16', '2025-07-30', 'WHVXZ', 2, 'docx', 'GREMQ', NULL, NULL, '2025-08-20 16:06:04', '2025-08-20 16:06:04'),
	(323, 1, 1, 'ZGEZK', '2025-03-18', '2025-07-11', 'UAVGG', 3, 'docx', 'YUXXZ', NULL, NULL, '2025-08-20 16:06:04', '2025-08-20 16:06:04'),
	(324, 1, 1, 'HYAZI', '2025-03-29', '2025-07-23', 'DNZWX', 3, 'pdf', 'XWCQQ', NULL, NULL, '2025-08-20 16:06:05', '2025-08-20 16:06:05'),
	(325, 1, 1, 'XWKHT', '2025-03-10', '2025-07-05', 'KPXBA', 2, 'docx', 'ZRFXO', NULL, NULL, '2025-08-20 16:06:05', '2025-08-20 16:06:05'),
	(326, 1, 1, 'HRLPB', '2025-07-05', '2025-04-20', 'XWEFS', 2, 'csv', 'WTDDC', NULL, NULL, '2025-08-20 16:06:05', '2025-08-20 16:06:05'),
	(327, 1, 1, 'MIWLO', '2025-01-02', '2025-04-20', 'KSXKR', 1, 'csv', 'ALLZE', NULL, NULL, '2025-08-20 16:06:05', '2025-08-20 16:06:05'),
	(328, 1, 1, 'SULWT', '2025-01-12', '2025-08-08', 'MGWWM', 3, 'pdf', 'BWVXU', NULL, NULL, '2025-08-20 16:06:05', '2025-08-20 16:06:05'),
	(329, 1, 1, 'AHCES', '2025-07-10', '2025-04-12', 'HYEAH', 2, 'pdf', 'BLRFB', NULL, NULL, '2025-08-20 16:06:05', '2025-08-20 16:06:05'),
	(330, 1, 1, 'TERWS', '2025-01-14', '2025-01-25', 'XVPLZ', 1, 'csv', 'SGCUU', NULL, NULL, '2025-08-20 16:06:05', '2025-08-20 16:06:05'),
	(331, 1, 1, 'KJERE', '2025-07-15', '2025-03-01', 'YKNXE', 2, 'docx', 'LVTIM', NULL, NULL, '2025-08-20 16:06:05', '2025-08-20 16:06:05'),
	(332, 1, 1, 'MCBPH', '2025-08-09', '2025-01-03', 'ZXWAY', 2, 'pdf', 'SCFIY', NULL, NULL, '2025-08-20 16:06:05', '2025-08-20 16:06:05'),
	(333, 1, 1, 'HQPQY', '2025-02-28', '2025-02-24', 'AUBYT', 1, 'xlsx', 'JJVYH', NULL, NULL, '2025-08-20 16:06:05', '2025-08-20 16:06:05'),
	(334, 1, 1, 'UBLXO', '2025-07-01', '2025-06-26', 'DHOXJ', 2, 'pdf', 'DSFHF', NULL, NULL, '2025-08-20 16:06:05', '2025-08-20 16:06:05'),
	(335, 1, 1, 'VWAVN', '2025-05-23', '2025-04-07', 'IBUSZ', 1, 'xlsx', 'NSXSC', NULL, NULL, '2025-08-20 16:06:05', '2025-08-20 16:06:05'),
	(336, 1, 1, 'JMCHN', '2025-01-24', '2025-01-01', 'NICAO', 2, 'docx', 'QSBSB', NULL, NULL, '2025-08-20 16:06:05', '2025-08-20 16:06:05'),
	(337, 1, 1, 'EAKZB', '2025-04-15', '2025-02-25', 'DMKEN', 2, 'csv', 'UCZDK', NULL, NULL, '2025-08-20 16:06:05', '2025-08-20 16:06:05'),
	(338, 1, 1, 'DLDDY', '2025-04-11', '2025-06-13', 'KJFHE', 3, 'docx', 'NOYQB', NULL, NULL, '2025-08-20 16:06:05', '2025-08-20 16:06:05'),
	(339, 1, 1, 'BDHGX', '2025-07-27', '2025-05-18', 'XAKED', 2, 'pdf', 'GQZVF', NULL, NULL, '2025-08-20 16:06:05', '2025-08-20 16:06:05'),
	(340, 1, 1, 'WYNOF', '2025-01-10', '2025-05-31', 'DBLUI', 1, 'docx', 'FMQKF', NULL, NULL, '2025-08-20 16:06:05', '2025-08-20 16:06:05'),
	(341, 1, 1, 'RQIBH', '2025-04-27', '2025-05-08', 'VQYTV', 3, 'csv', 'PCOSZ', NULL, NULL, '2025-08-20 16:06:05', '2025-08-20 16:06:05'),
	(342, 1, 1, 'GAPZY', '2025-03-11', '2025-01-08', 'NOEJE', 1, 'pdf', 'MIXFL', NULL, NULL, '2025-08-20 16:06:05', '2025-08-20 16:06:05'),
	(343, 1, 1, 'LEATK', '2025-08-13', '2025-03-06', 'XOHZL', 2, 'docx', 'TERAW', NULL, NULL, '2025-08-20 16:06:05', '2025-08-20 16:06:05'),
	(344, 1, 1, 'NTZFE', '2025-03-16', '2025-04-27', 'XGMLW', 1, 'docx', 'LMZSF', NULL, NULL, '2025-08-20 16:06:05', '2025-08-20 16:06:05'),
	(345, 1, 1, 'FESKS', '2025-08-13', '2025-07-17', 'BABMG', 3, 'pdf', 'QPAGZ', NULL, NULL, '2025-08-20 16:06:05', '2025-08-20 16:06:05'),
	(346, 1, 1, 'VOMDQ', '2025-07-29', '2025-02-24', 'EMCHD', 2, 'xlsx', 'ULTCC', NULL, NULL, '2025-08-20 16:06:05', '2025-08-20 16:06:05'),
	(347, 1, 1, 'KDMNI', '2025-03-14', '2025-05-12', 'DBAVK', 2, 'xlsx', 'EOGYE', NULL, NULL, '2025-08-20 16:06:05', '2025-08-20 16:06:05'),
	(348, 1, 1, 'THSDG', '2025-02-19', '2025-03-30', 'EVIQO', 3, 'xlsx', 'CBFYR', NULL, NULL, '2025-08-20 16:06:05', '2025-08-20 16:06:05'),
	(349, 1, 1, 'UXOEZ', '2025-08-20', '2025-06-13', 'JROMV', 3, 'pdf', 'NXVPO', NULL, NULL, '2025-08-20 16:06:05', '2025-08-20 16:06:05'),
	(350, 1, 1, 'ALMQR', '2025-01-13', '2025-04-16', 'WKBWL', 1, 'docx', 'NBZEP', NULL, NULL, '2025-08-20 16:06:05', '2025-08-20 16:06:05'),
	(351, 1, 1, 'JEJOH', '2025-01-13', '2025-02-13', 'EJGDB', 1, 'pdf', 'CNMZB', NULL, NULL, '2025-08-20 16:06:05', '2025-08-20 16:06:05'),
	(352, 1, 1, 'KRAUQ', '2025-01-10', '2025-07-09', 'AUFDF', 3, 'docx', 'ZYBVS', NULL, NULL, '2025-08-20 16:06:05', '2025-08-20 16:06:05'),
	(353, 1, 1, 'KPZTG', '2025-06-07', '2025-08-04', 'PBKQG', 3, 'csv', 'IRMDD', NULL, NULL, '2025-08-20 16:06:05', '2025-08-20 16:06:05'),
	(354, 1, 1, 'RVWFC', '2025-04-26', '2025-06-18', 'ZCSHM', 2, 'csv', 'PDPME', NULL, NULL, '2025-08-20 16:06:05', '2025-08-20 16:06:05'),
	(355, 1, 1, 'VVJQI', '2025-07-29', '2025-02-11', 'OPPVR', 1, 'docx', 'WPDTM', NULL, NULL, '2025-08-20 16:06:05', '2025-08-20 16:06:05'),
	(356, 1, 1, 'QSXYW', '2025-02-02', '2025-07-13', 'ZSMUR', 3, 'xlsx', 'BNEVC', NULL, NULL, '2025-08-20 16:06:05', '2025-08-20 16:06:05'),
	(357, 1, 1, 'NRFVZ', '2025-04-13', '2025-08-09', 'XLQDI', 1, 'csv', 'ENGWV', NULL, NULL, '2025-08-20 16:06:05', '2025-08-20 16:06:05'),
	(358, 1, 1, 'CIHER', '2025-08-17', '2025-03-10', 'FDJBH', 2, 'docx', 'IJWZF', NULL, NULL, '2025-08-20 16:06:05', '2025-08-20 16:06:05'),
	(359, 1, 1, 'TPRUG', '2025-03-31', '2025-05-18', 'YGFHG', 1, 'xlsx', 'KDQOJ', NULL, NULL, '2025-08-20 16:06:05', '2025-08-20 16:06:05'),
	(360, 1, 1, 'WRCSZ', '2025-08-13', '2025-03-14', 'REBVC', 2, 'docx', 'ZHFMI', NULL, NULL, '2025-08-20 16:06:05', '2025-08-20 16:06:05'),
	(361, 1, 1, 'ZNPCS', '2025-03-11', '2025-02-25', 'EYLJH', 1, 'docx', 'FXHNS', NULL, NULL, '2025-08-20 16:06:05', '2025-08-20 16:06:05'),
	(362, 1, 1, 'XRFTT', '2025-03-16', '2025-08-08', 'MMDPS', 2, 'docx', 'DFMFV', NULL, NULL, '2025-08-20 16:06:05', '2025-08-20 16:06:05'),
	(363, 1, 1, 'FLQGN', '2025-02-26', '2025-08-10', 'DHUNR', 2, 'pdf', 'LGYCF', NULL, NULL, '2025-08-20 16:06:05', '2025-08-20 16:06:05'),
	(364, 1, 1, 'TZFCG', '2025-02-04', '2025-07-02', 'SAKAX', 2, 'pdf', 'SDXNS', NULL, NULL, '2025-08-20 16:06:05', '2025-08-20 16:06:05'),
	(365, 1, 1, 'REIYM', '2025-01-14', '2025-06-05', 'DLADK', 3, 'docx', 'DOPBJ', NULL, NULL, '2025-08-20 16:06:05', '2025-08-20 16:06:05'),
	(366, 1, 1, 'UOTDW', '2025-04-23', '2025-02-02', 'LLDKZ', 2, 'docx', 'UXRBE', NULL, NULL, '2025-08-20 16:06:05', '2025-08-20 16:06:05'),
	(367, 1, 1, 'EJKHB', '2025-07-04', '2025-08-07', 'VHFAM', 2, 'pdf', 'NOEYQ', NULL, NULL, '2025-08-20 16:06:05', '2025-08-20 16:06:05'),
	(368, 1, 1, 'FNHHV', '2025-01-07', '2025-08-10', 'OMPSO', 1, 'docx', 'YQRGC', NULL, NULL, '2025-08-20 16:06:05', '2025-08-20 16:06:05'),
	(369, 1, 1, 'DDOMG', '2025-06-28', '2025-07-01', 'TOIBJ', 3, 'xlsx', 'IANNY', NULL, NULL, '2025-08-20 16:06:05', '2025-08-20 16:06:05'),
	(370, 1, 1, 'XHRJK', '2025-06-15', '2025-02-19', 'PGPWG', 1, 'pdf', 'PMQSO', NULL, NULL, '2025-08-20 16:06:05', '2025-08-20 16:06:05'),
	(371, 1, 1, 'PDYZQ', '2025-03-25', '2025-05-20', 'XQXBW', 2, 'xlsx', 'QYROB', NULL, NULL, '2025-08-20 16:06:05', '2025-08-20 16:06:05'),
	(372, 1, 1, 'FCEPZ', '2025-01-24', '2025-02-09', 'DRXRY', 3, 'csv', 'TPROG', NULL, NULL, '2025-08-20 16:06:05', '2025-08-20 16:06:05'),
	(373, 1, 1, 'HMQBI', '2025-03-18', '2025-02-19', 'AERHG', 3, 'pdf', 'ZTLHQ', NULL, NULL, '2025-08-20 16:06:05', '2025-08-20 16:06:05'),
	(374, 1, 1, 'SEPSL', '2025-07-21', '2025-02-16', 'YAWIV', 2, 'docx', 'SVITM', NULL, NULL, '2025-08-20 16:06:05', '2025-08-20 16:06:05'),
	(375, 1, 1, 'VAGPY', '2025-01-22', '2025-04-04', 'IQLWO', 2, 'pdf', 'GXRYQ', NULL, NULL, '2025-08-20 16:06:05', '2025-08-20 16:06:05'),
	(376, 1, 1, 'JNTHJ', '2025-07-03', '2025-02-25', 'VJNVH', 3, 'xlsx', 'IKICR', NULL, NULL, '2025-08-20 16:06:05', '2025-08-20 16:06:05'),
	(377, 1, 1, 'LLUAB', '2025-03-18', '2025-03-30', 'SKFBJ', 1, 'csv', 'EFOMC', NULL, NULL, '2025-08-20 16:06:05', '2025-08-20 16:06:05'),
	(378, 1, 1, 'NDEQM', '2025-01-03', '2025-03-21', 'VETNI', 3, 'csv', 'GPJFS', NULL, NULL, '2025-08-20 16:06:05', '2025-08-20 16:06:05'),
	(379, 1, 1, 'AAFAA', '2025-04-08', '2025-05-03', 'AILLJ', 2, 'xlsx', 'PEGPW', NULL, NULL, '2025-08-20 16:06:05', '2025-08-20 16:06:05'),
	(380, 1, 1, 'ACCYR', '2025-05-29', '2025-07-14', 'SYRAY', 1, 'pdf', 'ZVXNX', NULL, NULL, '2025-08-20 16:06:05', '2025-08-20 16:06:05'),
	(381, 1, 1, 'XUVVN', '2025-05-25', '2025-05-19', 'FXNKA', 3, 'csv', 'GNMKN', NULL, NULL, '2025-08-20 16:06:05', '2025-08-20 16:06:05'),
	(382, 1, 1, 'IVZIX', '2025-02-03', '2025-04-26', 'UPGLE', 2, 'pdf', 'CRIAL', NULL, NULL, '2025-08-20 16:06:05', '2025-08-20 16:06:05'),
	(383, 1, 1, 'IXGRC', '2025-03-01', '2025-02-05', 'DLKLC', 1, 'pdf', 'ROYYB', NULL, NULL, '2025-08-20 16:06:05', '2025-08-20 16:06:05'),
	(384, 1, 1, 'RGWBS', '2025-02-17', '2025-01-11', 'GMKZW', 2, 'csv', 'TIEUH', NULL, NULL, '2025-08-20 16:06:05', '2025-08-20 16:06:05'),
	(385, 1, 1, 'FYYNJ', '2025-05-19', '2025-01-25', 'ZGIZD', 1, 'pdf', 'OAGZB', NULL, NULL, '2025-08-20 16:06:05', '2025-08-20 16:06:05'),
	(386, 1, 1, 'VNFDM', '2025-06-20', '2025-04-18', 'IHBHR', 3, 'xlsx', 'AALMB', NULL, NULL, '2025-08-20 16:06:05', '2025-08-20 16:06:05'),
	(387, 1, 1, 'KDXQO', '2025-05-31', '2025-08-07', 'DYAIE', 3, 'csv', 'HQZCD', NULL, NULL, '2025-08-20 16:06:05', '2025-08-20 16:06:05'),
	(388, 1, 1, 'HWSEX', '2025-02-09', '2025-02-24', 'RHDLI', 3, 'pdf', 'UBAAI', NULL, NULL, '2025-08-20 16:06:05', '2025-08-20 16:06:05'),
	(389, 1, 1, 'NOJQJ', '2025-02-11', '2025-02-21', 'VZUUA', 3, 'csv', 'HNDJK', NULL, NULL, '2025-08-20 16:06:05', '2025-08-20 16:06:05'),
	(390, 1, 1, 'CLYUR', '2025-05-21', '2025-04-23', 'UAPZU', 3, 'pdf', 'YRRDG', NULL, NULL, '2025-08-20 16:06:05', '2025-08-20 16:06:05'),
	(391, 1, 1, 'DKEGI', '2025-07-08', '2025-05-15', 'PSMTT', 3, 'pdf', 'EBHSL', NULL, NULL, '2025-08-20 16:06:05', '2025-08-20 16:06:05'),
	(392, 1, 1, 'EXRYX', '2025-01-14', '2025-06-01', 'DQKHF', 1, 'pdf', 'USWAS', NULL, NULL, '2025-08-20 16:06:05', '2025-08-20 16:06:05'),
	(393, 1, 1, 'MWAFD', '2025-07-20', '2025-07-23', 'PLUPF', 3, 'csv', 'CORQF', NULL, NULL, '2025-08-20 16:06:05', '2025-08-20 16:06:05'),
	(394, 1, 1, 'CDNQR', '2025-05-13', '2025-05-02', 'FLGXF', 3, 'pdf', 'ULXIZ', NULL, NULL, '2025-08-20 16:06:05', '2025-08-20 16:06:05'),
	(395, 1, 1, 'FNILS', '2025-07-08', '2025-07-13', 'FOGQC', 3, 'xlsx', 'LVLBR', NULL, NULL, '2025-08-20 16:06:05', '2025-08-20 16:06:05'),
	(396, 1, 1, 'CCVHW', '2025-02-01', '2025-01-28', 'LCIRO', 1, 'docx', 'ZCLQH', NULL, NULL, '2025-08-20 16:06:05', '2025-08-20 16:06:05'),
	(397, 1, 1, 'IMKDX', '2025-03-11', '2025-07-29', 'HYPUR', 2, 'pdf', 'NHYJH', NULL, NULL, '2025-08-20 16:06:05', '2025-08-20 16:06:05'),
	(398, 1, 1, 'BDRZF', '2025-06-28', '2025-07-02', 'HGHQE', 2, 'csv', 'TJYSK', NULL, NULL, '2025-08-20 16:06:05', '2025-08-20 16:06:05'),
	(399, 1, 1, 'OGOQS', '2025-02-13', '2025-06-10', 'CGVHU', 3, 'xlsx', 'JNZNF', NULL, NULL, '2025-08-20 16:06:05', '2025-08-20 16:06:05'),
	(400, 1, 1, 'PIRKW', '2025-03-18', '2025-08-14', 'PRIYV', 2, 'xlsx', 'EOIYV', NULL, NULL, '2025-08-20 16:06:05', '2025-08-20 16:06:05'),
	(401, 1, 1, 'NATNQ', '2025-03-15', '2025-05-06', 'VNBQW', 2, 'csv', 'PSNCD', NULL, NULL, '2025-08-20 16:06:05', '2025-08-20 16:06:05'),
	(402, 1, 1, 'ZIXOE', '2025-07-26', '2025-03-17', 'AUTIB', 1, 'csv', 'TAOZM', NULL, NULL, '2025-08-20 16:06:05', '2025-08-20 16:06:05'),
	(403, 1, 1, 'QJGOQ', '2025-06-06', '2025-06-16', 'BQPZA', 1, 'docx', 'RTEOY', NULL, NULL, '2025-08-20 16:06:05', '2025-08-20 16:06:05'),
	(404, 1, 1, 'QHBCE', '2025-06-28', '2025-01-21', 'YKHSD', 3, 'docx', 'RHZSJ', NULL, NULL, '2025-08-20 16:06:05', '2025-08-20 16:06:05'),
	(405, 1, 1, 'MQLZF', '2025-05-19', '2025-07-23', 'ZREQK', 2, 'xlsx', 'KYMXD', NULL, NULL, '2025-08-20 16:06:05', '2025-08-20 16:06:05'),
	(406, 1, 1, 'FEBFM', '2025-04-22', '2025-06-03', 'QLBIN', 2, 'xlsx', 'HLLOX', NULL, NULL, '2025-08-20 16:06:05', '2025-08-20 16:06:05'),
	(407, 1, 1, 'WTIPR', '2025-07-01', '2025-06-08', 'FWFLZ', 1, 'docx', 'KCTWU', NULL, NULL, '2025-08-20 16:06:05', '2025-08-20 16:06:05'),
	(408, 1, 1, 'QEFLV', '2025-02-04', '2025-01-20', 'XSPQJ', 3, 'pdf', 'UXECP', NULL, NULL, '2025-08-20 16:06:05', '2025-08-20 16:06:05'),
	(409, 1, 1, 'ZZSXM', '2025-06-10', '2025-07-25', 'QWYXH', 2, 'xlsx', 'NZJKE', NULL, NULL, '2025-08-20 16:06:05', '2025-08-20 16:06:05'),
	(410, 1, 1, 'ILKIJ', '2025-02-05', '2025-06-23', 'TPVPX', 1, 'csv', 'YUNPP', NULL, NULL, '2025-08-20 16:06:05', '2025-08-20 16:06:05'),
	(411, 1, 1, 'LIEYD', '2025-03-04', '2025-07-29', 'JUPSE', 1, 'pdf', 'QNCRN', NULL, NULL, '2025-08-20 16:06:05', '2025-08-20 16:06:05'),
	(412, 1, 1, 'HGWIQ', '2025-08-18', '2025-02-21', 'BZZCV', 3, 'pdf', 'XIOQU', NULL, NULL, '2025-08-20 16:06:05', '2025-08-20 16:06:05'),
	(413, 1, 1, 'JGHUW', '2025-03-03', '2025-07-27', 'WNIEN', 2, 'pdf', 'FJJCX', NULL, NULL, '2025-08-20 16:06:05', '2025-08-20 16:06:05'),
	(414, 1, 1, 'AGRIW', '2025-08-06', '2025-08-06', 'VYEEC', 2, 'pdf', 'JHPGV', NULL, NULL, '2025-08-20 16:06:05', '2025-08-20 16:06:05'),
	(415, 1, 1, 'NTRCC', '2025-04-07', '2025-04-06', 'PINFC', 1, 'csv', 'AJRYP', NULL, NULL, '2025-08-20 16:06:05', '2025-08-20 16:06:05'),
	(416, 1, 1, 'FVOAH', '2025-05-29', '2025-03-27', 'CZFVF', 2, 'xlsx', 'AIYAS', NULL, NULL, '2025-08-20 16:06:05', '2025-08-20 16:06:05'),
	(417, 1, 1, 'JTOAP', '2025-05-28', '2025-04-04', 'MFJXZ', 3, 'pdf', 'ATJUQ', NULL, NULL, '2025-08-20 16:06:05', '2025-08-20 16:06:05'),
	(418, 1, 1, 'MZXPD', '2025-07-09', '2025-03-08', 'JPRWZ', 2, 'pdf', 'QSKQA', NULL, NULL, '2025-08-20 16:06:05', '2025-08-20 16:06:05'),
	(419, 1, 1, 'UUUAC', '2025-06-23', '2025-01-10', 'UGMSL', 2, 'xlsx', 'KHYWX', NULL, NULL, '2025-08-20 16:06:05', '2025-08-20 16:06:05'),
	(420, 1, 1, 'LIZKG', '2025-05-17', '2025-05-23', 'MNOPY', 1, 'pdf', 'IRSRV', NULL, NULL, '2025-08-20 16:06:05', '2025-08-20 16:06:05'),
	(421, 1, 1, 'IAVGY', '2025-03-01', '2025-01-19', 'ZWAXE', 1, 'pdf', 'XJEZK', NULL, NULL, '2025-08-20 16:06:05', '2025-08-20 16:06:05'),
	(422, 1, 1, 'BTLPQ', '2025-06-29', '2025-03-10', 'TRKOW', 2, 'csv', 'EQVIU', NULL, NULL, '2025-08-20 16:06:05', '2025-08-20 16:06:05'),
	(423, 1, 1, 'WOOQS', '2025-01-27', '2025-07-12', 'KAUHW', 1, 'pdf', 'MMOXX', NULL, NULL, '2025-08-20 16:06:05', '2025-08-20 16:06:05'),
	(424, 1, 1, 'CHHBZ', '2025-03-05', '2025-04-08', 'MOVUN', 3, 'xlsx', 'SZWFK', NULL, NULL, '2025-08-20 16:06:05', '2025-08-20 16:06:05'),
	(425, 1, 1, 'FMCKV', '2025-08-13', '2025-04-11', 'CCNSB', 2, 'csv', 'QDOSU', NULL, NULL, '2025-08-20 16:06:05', '2025-08-20 16:06:05'),
	(426, 1, 1, 'UIJVS', '2025-05-23', '2025-02-23', 'CSDVL', 1, 'pdf', 'PYCTO', NULL, NULL, '2025-08-20 16:06:05', '2025-08-20 16:06:05'),
	(427, 1, 1, 'BPRLB', '2025-06-26', '2025-05-06', 'XAIDF', 2, 'pdf', 'KNVKZ', NULL, NULL, '2025-08-20 16:06:05', '2025-08-20 16:06:05'),
	(428, 1, 1, 'KTQTU', '2025-04-15', '2025-07-29', 'XHQXM', 2, 'pdf', 'LDLHF', NULL, NULL, '2025-08-20 16:06:05', '2025-08-20 16:06:05'),
	(429, 1, 1, 'DAWMN', '2025-08-18', '2025-03-07', 'TORNY', 1, 'csv', 'MTZQA', NULL, NULL, '2025-08-20 16:06:05', '2025-08-20 16:06:05'),
	(430, 1, 1, 'MBSBE', '2025-04-20', '2025-03-27', 'XIZSM', 3, 'csv', 'XRMKY', NULL, NULL, '2025-08-20 16:06:05', '2025-08-20 16:06:05'),
	(431, 1, 1, 'WOOKV', '2025-06-17', '2025-02-07', 'TLXAE', 1, 'csv', 'CVWMG', NULL, NULL, '2025-08-20 16:06:05', '2025-08-20 16:06:05'),
	(432, 1, 1, 'BEEHV', '2025-06-27', '2025-08-15', 'MERCO', 3, 'xlsx', 'ZJFLW', NULL, NULL, '2025-08-20 16:06:05', '2025-08-20 16:06:05'),
	(433, 1, 1, 'HMQNN', '2025-01-13', '2025-08-12', 'CWZHP', 1, 'pdf', 'VBTNE', NULL, NULL, '2025-08-20 16:06:05', '2025-08-20 16:06:05'),
	(434, 1, 1, 'PYFPC', '2025-07-19', '2025-04-02', 'XJCAQ', 1, 'xlsx', 'FOKTR', NULL, NULL, '2025-08-20 16:06:05', '2025-08-20 16:06:05'),
	(435, 1, 1, 'BDIWB', '2025-01-10', '2025-05-28', 'HBBUW', 3, 'docx', 'ELDHL', NULL, NULL, '2025-08-20 16:06:05', '2025-08-20 16:06:05'),
	(436, 1, 1, 'ZZZFY', '2025-08-15', '2025-08-04', 'OKWEH', 2, 'csv', 'BLIVE', NULL, NULL, '2025-08-20 16:06:05', '2025-08-20 16:06:05'),
	(437, 1, 1, 'OLRME', '2025-03-25', '2025-01-23', 'CCFJE', 3, 'xlsx', 'AGNZZ', NULL, NULL, '2025-08-20 16:06:05', '2025-08-20 16:06:05'),
	(438, 1, 1, 'HLBMO', '2025-06-30', '2025-01-02', 'LJUAH', 1, 'pdf', 'IRYHF', NULL, NULL, '2025-08-20 16:06:05', '2025-08-20 16:06:05'),
	(439, 1, 1, 'VGQMI', '2025-02-22', '2025-07-12', 'KHPOP', 1, 'xlsx', 'TGMGO', NULL, NULL, '2025-08-20 16:06:05', '2025-08-20 16:06:05'),
	(440, 1, 1, 'DAIER', '2025-07-07', '2025-07-02', 'SZPNL', 3, 'pdf', 'SBGAV', NULL, NULL, '2025-08-20 16:06:05', '2025-08-20 16:06:05'),
	(441, 1, 1, 'SNOMG', '2025-02-14', '2025-05-22', 'SQDID', 3, 'pdf', 'DLDHI', NULL, NULL, '2025-08-20 16:06:05', '2025-08-20 16:06:05'),
	(442, 1, 1, 'WFXSY', '2025-06-05', '2025-08-09', 'FYHHP', 2, 'pdf', 'QLVCF', NULL, NULL, '2025-08-20 16:06:05', '2025-08-20 16:06:05'),
	(443, 1, 1, 'BGGYW', '2025-05-21', '2025-06-08', 'BQZEN', 2, 'csv', 'DVLPE', NULL, NULL, '2025-08-20 16:06:05', '2025-08-20 16:06:05'),
	(444, 1, 1, 'ONFWG', '2025-08-16', '2025-01-24', 'JWQMH', 2, 'xlsx', 'XQWSK', NULL, NULL, '2025-08-20 16:06:05', '2025-08-20 16:06:05'),
	(445, 1, 1, 'XVHLW', '2025-02-05', '2025-07-15', 'WOHLQ', 3, 'xlsx', 'NONVC', NULL, NULL, '2025-08-20 16:06:05', '2025-08-20 16:06:05'),
	(446, 1, 1, 'NJIBK', '2025-03-20', '2025-04-06', 'FDZMB', 1, 'csv', 'NEOLK', NULL, NULL, '2025-08-20 16:06:05', '2025-08-20 16:06:05'),
	(447, 1, 1, 'QVNWZ', '2025-06-30', '2025-05-13', 'JSONN', 1, 'xlsx', 'PSFDC', NULL, NULL, '2025-08-20 16:06:05', '2025-08-20 16:06:05'),
	(448, 1, 1, 'XCGDM', '2025-08-07', '2025-07-02', 'PXDTI', 1, 'pdf', 'TXLYY', NULL, NULL, '2025-08-20 16:06:05', '2025-08-20 16:06:05'),
	(449, 1, 1, 'IEBUC', '2025-05-17', '2025-03-21', 'TBXCJ', 3, 'csv', 'HFROY', NULL, NULL, '2025-08-20 16:06:05', '2025-08-20 16:06:05'),
	(450, 1, 1, 'RCMQN', '2025-04-30', '2025-04-29', 'DEWAO', 1, 'docx', 'VNABT', NULL, NULL, '2025-08-20 16:06:05', '2025-08-20 16:06:05'),
	(451, 1, 1, 'UBHNK', '2025-07-28', '2025-02-10', 'VIXLX', 2, 'docx', 'OKREM', NULL, NULL, '2025-08-20 16:06:05', '2025-08-20 16:06:05'),
	(452, 1, 1, 'RACIK', '2025-04-17', '2025-03-27', 'WNEEW', 1, 'csv', 'ZTUTH', NULL, NULL, '2025-08-20 16:06:05', '2025-08-20 16:06:05'),
	(453, 1, 1, 'IHVFW', '2025-03-18', '2025-01-21', 'TVVIU', 1, 'docx', 'UINKZ', NULL, NULL, '2025-08-20 16:06:05', '2025-08-20 16:06:05'),
	(454, 1, 1, 'DVQER', '2025-07-27', '2025-01-01', 'MMZUG', 2, 'docx', 'OQJVZ', NULL, NULL, '2025-08-20 16:06:05', '2025-08-20 16:06:05'),
	(455, 1, 1, 'EAXLG', '2025-03-18', '2025-02-01', 'CILCZ', 1, 'csv', 'BQMSR', NULL, NULL, '2025-08-20 16:06:05', '2025-08-20 16:06:05'),
	(456, 1, 1, 'NIASO', '2025-05-12', '2025-02-16', 'LKTFI', 2, 'xlsx', 'DGTVB', NULL, NULL, '2025-08-20 16:06:05', '2025-08-20 16:06:05'),
	(457, 1, 1, 'SVJVF', '2025-03-22', '2025-07-02', 'WKHCI', 1, 'csv', 'PGYSM', NULL, NULL, '2025-08-20 16:06:05', '2025-08-20 16:06:05'),
	(458, 1, 1, 'PQWLC', '2025-03-03', '2025-06-16', 'SJPWM', 1, 'docx', 'QESEU', NULL, NULL, '2025-08-20 16:06:05', '2025-08-20 16:06:05'),
	(459, 1, 1, 'PWKOL', '2025-01-20', '2025-06-07', 'SZOQX', 2, 'csv', 'FWYIH', NULL, NULL, '2025-08-20 16:06:05', '2025-08-20 16:06:05'),
	(460, 1, 1, 'ESXGZ', '2025-02-26', '2025-05-23', 'DWXYL', 1, 'pdf', 'XRHRJ', NULL, NULL, '2025-08-20 16:06:05', '2025-08-20 16:06:05'),
	(461, 1, 1, 'ZTTFQ', '2025-03-31', '2025-04-14', 'BMDXC', 1, 'xlsx', 'DDACK', NULL, NULL, '2025-08-20 16:06:05', '2025-08-20 16:06:05'),
	(462, 1, 1, 'MKJBU', '2025-05-16', '2025-01-23', 'UASSP', 2, 'xlsx', 'BWZJN', NULL, NULL, '2025-08-20 16:06:05', '2025-08-20 16:06:05'),
	(463, 1, 1, 'NORHU', '2025-05-31', '2025-05-02', 'KXRLF', 2, 'csv', 'DVGHF', NULL, NULL, '2025-08-20 16:06:05', '2025-08-20 16:06:05'),
	(464, 1, 1, 'LNHPV', '2025-01-23', '2025-08-12', 'DJLAE', 2, 'csv', 'HJQYE', NULL, NULL, '2025-08-20 16:06:05', '2025-08-20 16:06:05'),
	(465, 1, 1, 'WRWIC', '2025-06-24', '2025-01-13', 'FXWDN', 1, 'docx', 'QIUYB', NULL, NULL, '2025-08-20 16:06:05', '2025-08-20 16:06:05'),
	(466, 1, 1, 'EGCPP', '2025-06-15', '2025-04-25', 'VMAOR', 2, 'csv', 'ZHLFP', NULL, NULL, '2025-08-20 16:06:05', '2025-08-20 16:06:05'),
	(467, 1, 1, 'RBLYM', '2025-07-04', '2025-05-28', 'DWGZR', 3, 'csv', 'TWTEN', NULL, NULL, '2025-08-20 16:06:05', '2025-08-20 16:06:05'),
	(468, 1, 1, 'RMWLS', '2025-05-30', '2025-02-09', 'LOSRP', 2, 'docx', 'WOAWH', NULL, NULL, '2025-08-20 16:06:05', '2025-08-20 16:06:05'),
	(469, 1, 1, 'LDCSF', '2025-04-20', '2025-03-15', 'YJNHK', 1, 'xlsx', 'EWHSH', NULL, NULL, '2025-08-20 16:06:05', '2025-08-20 16:06:05'),
	(470, 1, 1, 'ILLBR', '2025-03-25', '2025-02-20', 'JJKLL', 3, 'docx', 'NOOVC', NULL, NULL, '2025-08-20 16:06:05', '2025-08-20 16:06:05'),
	(471, 1, 1, 'XMBNF', '2025-03-13', '2025-01-23', 'FTXZH', 1, 'pdf', 'XDLTT', NULL, NULL, '2025-08-20 16:06:05', '2025-08-20 16:06:05'),
	(472, 1, 1, 'UYLPC', '2025-06-17', '2025-06-14', 'ODUIG', 1, 'docx', 'YJCUD', NULL, NULL, '2025-08-20 16:06:05', '2025-08-20 16:06:05'),
	(473, 1, 1, 'WKHLP', '2025-07-23', '2025-06-21', 'OVPPY', 1, 'pdf', 'XKFOK', NULL, NULL, '2025-08-20 16:06:05', '2025-08-20 16:06:05'),
	(474, 1, 1, 'LYZVL', '2025-08-18', '2025-02-13', 'BXVWS', 2, 'pdf', 'JEODG', NULL, NULL, '2025-08-20 16:06:05', '2025-08-20 16:06:05'),
	(475, 1, 1, 'IWIKD', '2025-02-11', '2025-02-28', 'IJKLM', 1, 'docx', 'RMTFY', NULL, NULL, '2025-08-20 16:06:05', '2025-08-20 16:06:05'),
	(476, 1, 1, 'XPANH', '2025-04-24', '2025-05-20', 'CSTCQ', 2, 'pdf', 'TFAIP', NULL, NULL, '2025-08-20 16:06:05', '2025-08-20 16:06:05'),
	(477, 1, 1, 'OYRZV', '2025-07-08', '2025-04-17', 'EOBOT', 2, 'csv', 'ODYCO', NULL, NULL, '2025-08-20 16:06:05', '2025-08-20 16:06:05'),
	(478, 1, 1, 'MZZVE', '2025-05-21', '2025-01-02', 'QUBPD', 3, 'docx', 'NQKIC', NULL, NULL, '2025-08-20 16:06:05', '2025-08-20 16:06:05'),
	(479, 1, 1, 'LKGPZ', '2025-01-22', '2025-06-30', 'YUCRP', 1, 'xlsx', 'RUQMM', NULL, NULL, '2025-08-20 16:06:05', '2025-08-20 16:06:05'),
	(480, 1, 1, 'FHVGI', '2025-07-22', '2025-06-13', 'FYOOE', 3, 'xlsx', 'RLKTI', NULL, NULL, '2025-08-20 16:06:05', '2025-08-20 16:06:05'),
	(481, 1, 1, 'DBUHY', '2025-06-01', '2025-06-01', 'BISWM', 3, 'xlsx', 'CMNDB', NULL, NULL, '2025-08-20 16:06:05', '2025-08-20 16:06:05'),
	(482, 1, 1, 'KMJYP', '2025-05-06', '2025-07-18', 'ELAXK', 2, 'docx', 'BTQIU', NULL, NULL, '2025-08-20 16:06:05', '2025-08-20 16:06:05'),
	(483, 1, 1, 'TEBHE', '2025-06-04', '2025-06-20', 'NWDZQ', 3, 'docx', 'DNCAX', NULL, NULL, '2025-08-20 16:06:05', '2025-08-20 16:06:05'),
	(484, 1, 1, 'YVJUL', '2025-05-09', '2025-03-21', 'MUXSO', 3, 'pdf', 'YHNRW', NULL, NULL, '2025-08-20 16:06:05', '2025-08-20 16:06:05'),
	(485, 1, 1, 'VFBHU', '2025-05-22', '2025-06-23', 'FPFEW', 3, 'xlsx', 'CNRJP', NULL, NULL, '2025-08-20 16:06:05', '2025-08-20 16:06:05'),
	(486, 1, 1, 'MNTHC', '2025-06-04', '2025-03-31', 'CJHRA', 2, 'csv', 'WAADY', NULL, NULL, '2025-08-20 16:06:05', '2025-08-20 16:06:05'),
	(487, 1, 1, 'YGIXZ', '2025-08-17', '2025-01-01', 'IAUJX', 1, 'xlsx', 'EAWHE', NULL, NULL, '2025-08-20 16:06:05', '2025-08-20 16:06:05'),
	(488, 1, 1, 'AKETQ', '2025-03-17', '2025-04-05', 'LYORV', 1, 'csv', 'QJSGQ', NULL, NULL, '2025-08-20 16:06:05', '2025-08-20 16:06:05'),
	(489, 1, 1, 'YHOBO', '2025-05-23', '2025-08-12', 'HWNOI', 3, 'pdf', 'TUDJV', NULL, NULL, '2025-08-20 16:06:05', '2025-08-20 16:06:05'),
	(490, 1, 1, 'VZUEA', '2025-01-26', '2025-02-21', 'VDFXU', 1, 'pdf', 'KIEAT', NULL, NULL, '2025-08-20 16:06:05', '2025-08-20 16:06:05'),
	(491, 1, 1, 'UWYDI', '2025-01-20', '2025-05-20', 'TVHWR', 1, 'csv', 'YIMWW', NULL, NULL, '2025-08-20 16:06:05', '2025-08-20 16:06:05'),
	(492, 1, 1, 'FCIAO', '2025-03-11', '2025-02-23', 'SHKGF', 1, 'docx', 'BBHXW', NULL, NULL, '2025-08-20 16:06:05', '2025-08-20 16:06:05'),
	(493, 1, 1, 'ERNCS', '2025-01-04', '2025-06-27', 'JZACI', 3, 'csv', 'MCVDV', NULL, NULL, '2025-08-20 16:06:05', '2025-08-20 16:06:05'),
	(494, 1, 1, 'UMJKV', '2025-07-24', '2025-05-22', 'OCUCZ', 1, 'xlsx', 'SWFXP', NULL, NULL, '2025-08-20 16:06:05', '2025-08-20 16:06:05'),
	(495, 1, 1, 'LVOIB', '2025-05-05', '2025-05-25', 'JNGES', 1, 'pdf', 'NMVGE', NULL, NULL, '2025-08-20 16:06:05', '2025-08-20 16:06:05'),
	(496, 1, 1, 'IIZZX', '2025-07-23', '2025-02-10', 'FDZJL', 1, 'pdf', 'QLZII', NULL, NULL, '2025-08-20 16:06:05', '2025-08-20 16:06:05'),
	(497, 1, 1, 'WYWGG', '2025-05-11', '2025-03-29', 'LOCBA', 1, 'csv', 'UWDFB', NULL, NULL, '2025-08-20 16:06:05', '2025-08-20 16:06:05'),
	(498, 1, 1, 'LXSRU', '2025-07-03', '2025-03-09', 'TSJPQ', 3, 'csv', 'VMREQ', NULL, NULL, '2025-08-20 16:06:05', '2025-08-20 16:06:05'),
	(499, 1, 1, 'EFAXA', '2025-08-06', '2025-05-07', 'JIDLN', 3, 'xlsx', 'LHASN', NULL, NULL, '2025-08-20 16:06:05', '2025-08-20 16:06:05'),
	(500, 1, 1, 'GZGRH', '2025-07-18', '2025-08-07', 'QNROJ', 2, 'csv', 'IHJWY', NULL, NULL, '2025-08-20 16:06:05', '2025-08-20 16:06:05'),
	(501, 1, 1, 'LTRHU', '2025-06-08', '2025-02-09', 'PYSDN', 1, 'docx', 'AQCEQ', NULL, NULL, '2025-08-20 16:06:05', '2025-08-20 16:06:05'),
	(502, 1, 1, 'ILJXY', '2025-07-08', '2025-07-23', 'QXEJJ', 1, 'docx', 'LOKAG', NULL, NULL, '2025-08-20 16:06:05', '2025-08-20 16:06:05'),
	(503, 1, 1, 'GZYYI', '2025-04-10', '2025-03-31', 'RWWCX', 1, 'csv', 'YRPTT', NULL, NULL, '2025-08-20 16:06:05', '2025-08-20 16:06:05'),
	(504, 1, 1, 'LRFGG', '2025-06-19', '2025-02-24', 'DXTVF', 2, 'csv', 'JVIFU', NULL, NULL, '2025-08-20 16:06:05', '2025-08-20 16:06:05'),
	(505, 1, 1, 'AXJXW', '2025-03-18', '2025-05-25', 'YYLOJ', 3, 'pdf', 'UNAAA', NULL, NULL, '2025-08-20 16:06:05', '2025-08-20 16:06:05'),
	(506, 1, 1, 'BVFXO', '2025-06-14', '2025-05-05', 'FKCOX', 3, 'pdf', 'MEJKS', NULL, NULL, '2025-08-20 16:06:05', '2025-08-20 16:06:05'),
	(507, 1, 1, 'OKFGX', '2025-01-15', '2025-04-13', 'PWIWU', 2, 'pdf', 'LBBFW', NULL, NULL, '2025-08-20 16:06:05', '2025-08-20 16:06:05'),
	(508, 1, 1, 'XCWPD', '2025-02-07', '2025-03-04', 'TMOUZ', 1, 'xlsx', 'BCQZV', NULL, NULL, '2025-08-20 16:06:05', '2025-08-20 16:06:05'),
	(509, 1, 1, 'KBZKV', '2025-04-23', '2025-02-11', 'XUZUJ', 3, 'pdf', 'JZQSH', NULL, NULL, '2025-08-20 16:06:05', '2025-08-20 16:06:05'),
	(510, 1, 1, 'HHNGH', '2025-07-03', '2025-08-02', 'NXFLK', 3, 'csv', 'YSLNU', NULL, NULL, '2025-08-20 16:06:05', '2025-08-20 16:06:05'),
	(511, 1, 1, 'ZOTJM', '2025-02-16', '2025-05-04', 'FNZJD', 1, 'xlsx', 'DMUXR', NULL, NULL, '2025-08-20 16:06:05', '2025-08-20 16:06:05'),
	(512, 1, 1, 'EZSWR', '2025-08-15', '2025-06-05', 'UCAHM', 2, 'csv', 'BPMAB', NULL, NULL, '2025-08-20 16:06:05', '2025-08-20 16:06:05'),
	(513, 1, 1, 'EAKPZ', '2025-03-27', '2025-06-03', 'QAHSN', 3, 'pdf', 'DWRCC', NULL, NULL, '2025-08-20 16:06:05', '2025-08-20 16:06:05'),
	(514, 1, 1, 'KTXVR', '2025-02-10', '2025-03-13', 'YWZHZ', 3, 'pdf', 'PHOVC', NULL, NULL, '2025-08-20 16:06:05', '2025-08-20 16:06:05'),
	(515, 1, 1, 'CHLQL', '2025-03-18', '2025-08-09', 'WTETY', 3, 'xlsx', 'LQWTO', NULL, NULL, '2025-08-20 16:06:05', '2025-08-20 16:06:05'),
	(516, 1, 1, 'BHGVY', '2025-04-09', '2025-06-26', 'BBNKF', 1, 'docx', 'AVYUM', NULL, NULL, '2025-08-20 16:06:05', '2025-08-20 16:06:05'),
	(517, 1, 1, 'YAJHY', '2025-02-03', '2025-03-17', 'WXKJP', 2, 'docx', 'MGZXT', NULL, NULL, '2025-08-20 16:06:05', '2025-08-20 16:06:05'),
	(518, 1, 1, 'GNLCS', '2025-08-16', '2025-05-04', 'VZGTF', 2, 'xlsx', 'FUPXG', NULL, NULL, '2025-08-20 16:06:05', '2025-08-20 16:06:05'),
	(519, 1, 1, 'YNKOD', '2025-03-06', '2025-04-20', 'PCVEC', 2, 'xlsx', 'VWWKX', NULL, NULL, '2025-08-20 16:06:05', '2025-08-20 16:06:05'),
	(520, 1, 1, 'EYBJP', '2025-03-31', '2025-08-07', 'YFDWW', 1, 'pdf', 'SWVIV', NULL, NULL, '2025-08-20 16:06:05', '2025-08-20 16:06:05'),
	(521, 1, 1, 'HMUZT', '2025-02-04', '2025-06-02', 'WRJWP', 2, 'pdf', 'MPFTX', NULL, NULL, '2025-08-20 16:06:05', '2025-08-20 16:06:05'),
	(522, 1, 1, 'XQSKR', '2025-07-07', '2025-01-06', 'FUHZC', 1, 'xlsx', 'BEVZX', NULL, NULL, '2025-08-20 16:06:05', '2025-08-20 16:06:05'),
	(523, 1, 1, 'QKQSI', '2025-02-06', '2025-03-22', 'BVXZT', 1, 'xlsx', 'HCESK', NULL, NULL, '2025-08-20 16:06:05', '2025-08-20 16:06:05'),
	(524, 1, 1, 'XTLKP', '2025-03-09', '2025-08-07', 'WRPPE', 2, 'pdf', 'ZHHOB', NULL, NULL, '2025-08-20 16:06:05', '2025-08-20 16:06:05'),
	(525, 1, 1, 'JGHKG', '2025-02-25', '2025-01-14', 'MEPGK', 1, 'xlsx', 'HVVGX', NULL, NULL, '2025-08-20 16:06:05', '2025-08-20 16:06:05'),
	(526, 1, 1, 'QMPAH', '2025-05-03', '2025-08-10', 'XCCYB', 1, 'csv', 'SHVIE', NULL, NULL, '2025-08-20 16:06:05', '2025-08-20 16:06:05'),
	(527, 1, 1, 'OLPBW', '2025-04-09', '2025-08-12', 'GDRMY', 3, 'pdf', 'VRYLG', NULL, NULL, '2025-08-20 16:06:05', '2025-08-20 16:06:05'),
	(528, 1, 1, 'QWPVU', '2025-05-15', '2025-04-16', 'EPWCQ', 1, 'pdf', 'XTJNU', NULL, NULL, '2025-08-20 16:06:05', '2025-08-20 16:06:05'),
	(529, 1, 1, 'VJDMP', '2025-03-28', '2025-03-12', 'YUCTY', 2, 'csv', 'MUHQZ', NULL, NULL, '2025-08-20 16:06:05', '2025-08-20 16:06:05'),
	(530, 1, 1, 'WTYII', '2025-06-03', '2025-04-10', 'ERYNH', 3, 'csv', 'GSQKY', NULL, NULL, '2025-08-20 16:06:05', '2025-08-20 16:06:05'),
	(531, 1, 1, 'JUOYS', '2025-07-06', '2025-04-07', 'WASKR', 1, 'xlsx', 'MMDGB', NULL, NULL, '2025-08-20 16:06:05', '2025-08-20 16:06:05'),
	(532, 1, 1, 'RGHWF', '2025-03-06', '2025-05-29', 'YKFCF', 2, 'docx', 'DPWAN', NULL, NULL, '2025-08-20 16:06:05', '2025-08-20 16:06:05'),
	(533, 1, 1, 'YJXZD', '2025-02-07', '2025-08-17', 'YASXQ', 3, 'xlsx', 'RKGDE', NULL, NULL, '2025-08-20 16:06:05', '2025-08-20 16:06:05'),
	(534, 1, 1, 'BDKRR', '2025-06-10', '2025-01-21', 'QJMHO', 1, 'csv', 'GZDZT', NULL, NULL, '2025-08-20 16:06:05', '2025-08-20 16:06:05'),
	(535, 1, 1, 'EZCNG', '2025-06-09', '2025-05-03', 'URLLL', 2, 'docx', 'DFHQU', NULL, NULL, '2025-08-20 16:06:05', '2025-08-20 16:06:05'),
	(536, 1, 1, 'ATFSW', '2025-03-18', '2025-01-25', 'BXXEH', 1, 'pdf', 'IDLWG', NULL, NULL, '2025-08-20 16:06:05', '2025-08-20 16:06:05'),
	(537, 1, 1, 'PDQCI', '2025-05-08', '2025-08-05', 'MOOQC', 1, 'docx', 'KEVGE', NULL, NULL, '2025-08-20 16:06:05', '2025-08-20 16:06:05'),
	(538, 1, 1, 'RUSBT', '2025-04-29', '2025-07-12', 'RSJRQ', 1, 'docx', 'TANJL', NULL, NULL, '2025-08-20 16:06:05', '2025-08-20 16:06:05'),
	(539, 1, 1, 'ICDTU', '2025-03-26', '2025-01-23', 'EPDFI', 3, 'docx', 'PTTUI', NULL, NULL, '2025-08-20 16:06:05', '2025-08-20 16:06:05'),
	(540, 1, 1, 'LHFMG', '2025-01-27', '2025-04-24', 'JBBMM', 3, 'csv', 'HNVPW', NULL, NULL, '2025-08-20 16:06:05', '2025-08-20 16:06:05'),
	(541, 1, 1, 'VZLVB', '2025-02-28', '2025-01-26', 'NRWXJ', 1, 'docx', 'KZGIL', NULL, NULL, '2025-08-20 16:06:05', '2025-08-20 16:06:05'),
	(542, 1, 1, 'ZGTCI', '2025-01-03', '2025-01-23', 'MLFSR', 3, 'docx', 'OTROF', NULL, NULL, '2025-08-20 16:06:05', '2025-08-20 16:06:05'),
	(543, 1, 1, 'DOYGD', '2025-05-12', '2025-01-09', 'NXRKL', 1, 'csv', 'LMBBC', NULL, NULL, '2025-08-20 16:06:05', '2025-08-20 16:06:05'),
	(544, 1, 1, 'OGQCC', '2025-01-18', '2025-03-14', 'UDXDA', 3, 'pdf', 'VFOJO', NULL, NULL, '2025-08-20 16:06:05', '2025-08-20 16:06:05'),
	(545, 1, 1, 'QJQEJ', '2025-06-21', '2025-03-03', 'JZFKA', 2, 'pdf', 'QYABB', NULL, NULL, '2025-08-20 16:06:05', '2025-08-20 16:06:05'),
	(546, 1, 1, 'HMPKR', '2025-04-08', '2025-06-14', 'IMHGG', 2, 'docx', 'RERRA', NULL, NULL, '2025-08-20 16:06:05', '2025-08-20 16:06:05'),
	(547, 1, 1, 'OFOCZ', '2025-07-17', '2025-07-04', 'QPKVZ', 3, 'docx', 'WGHQJ', NULL, NULL, '2025-08-20 16:06:05', '2025-08-20 16:06:05'),
	(548, 1, 1, 'OFSBP', '2025-05-05', '2025-07-06', 'VMMWT', 3, 'docx', 'SPZUM', NULL, NULL, '2025-08-20 16:06:05', '2025-08-20 16:06:05'),
	(549, 1, 1, 'EYGLX', '2025-04-01', '2025-04-27', 'IBPFW', 2, 'pdf', 'YZRGC', NULL, NULL, '2025-08-20 16:06:05', '2025-08-20 16:06:05'),
	(550, 1, 1, 'NNYSK', '2025-05-13', '2025-07-16', 'QCUGP', 3, 'docx', 'TSJUL', NULL, NULL, '2025-08-20 16:06:05', '2025-08-20 16:06:05'),
	(551, 1, 1, 'ZEHVG', '2025-03-01', '2025-08-19', 'UNZPC', 2, 'pdf', 'JKGPL', NULL, NULL, '2025-08-20 16:06:05', '2025-08-20 16:06:05'),
	(552, 1, 1, 'LJMYC', '2025-07-15', '2025-06-22', 'YAJRJ', 2, 'pdf', 'FFPAX', NULL, NULL, '2025-08-20 16:06:05', '2025-08-20 16:06:05'),
	(553, 1, 1, 'UHVGO', '2025-07-14', '2025-06-05', 'FJROG', 2, 'xlsx', 'QVPVZ', NULL, NULL, '2025-08-20 16:06:05', '2025-08-20 16:06:05'),
	(554, 1, 1, 'EDIEN', '2025-07-22', '2025-03-13', 'HZTUO', 2, 'csv', 'YZUIV', NULL, NULL, '2025-08-20 16:06:05', '2025-08-20 16:06:05'),
	(555, 1, 1, 'GVOEH', '2025-04-10', '2025-04-21', 'NCGCJ', 3, 'pdf', 'MHRBH', NULL, NULL, '2025-08-20 16:06:05', '2025-08-20 16:06:05'),
	(556, 1, 1, 'SALHX', '2025-01-11', '2025-05-16', 'KMTDW', 1, 'pdf', 'XSFSC', NULL, NULL, '2025-08-20 16:06:05', '2025-08-20 16:06:05'),
	(557, 1, 1, 'CFURH', '2025-08-04', '2025-07-02', 'LEHXF', 3, 'docx', 'ARYOU', NULL, NULL, '2025-08-20 16:06:05', '2025-08-20 16:06:05'),
	(558, 1, 1, 'VTQBL', '2025-07-10', '2025-06-27', 'IFTIQ', 1, 'csv', 'QEOBI', NULL, NULL, '2025-08-20 16:06:05', '2025-08-20 16:06:05'),
	(559, 1, 1, 'KZYYN', '2025-06-23', '2025-07-07', 'DBRST', 3, 'xlsx', 'JXWXR', NULL, NULL, '2025-08-20 16:06:05', '2025-08-20 16:06:05'),
	(560, 1, 1, 'VVXAZ', '2025-06-23', '2025-05-26', 'KEMMU', 1, 'pdf', 'PTRGH', NULL, NULL, '2025-08-20 16:06:05', '2025-08-20 16:06:05'),
	(561, 1, 1, 'ZAXTK', '2025-03-24', '2025-08-08', 'LGYHD', 3, 'docx', 'CZIKY', NULL, NULL, '2025-08-20 16:06:05', '2025-08-20 16:06:05'),
	(562, 1, 1, 'WQEXT', '2025-04-15', '2025-05-12', 'TMMHE', 3, 'pdf', 'GVMHX', NULL, NULL, '2025-08-20 16:06:05', '2025-08-20 16:06:05'),
	(563, 1, 1, 'DSAMS', '2025-05-27', '2025-03-28', 'SAZIU', 1, 'pdf', 'ENMWZ', NULL, NULL, '2025-08-20 16:06:05', '2025-08-20 16:06:05'),
	(564, 1, 1, 'MJTOO', '2025-06-10', '2025-01-14', 'BKHTC', 3, 'csv', 'AJDCT', NULL, NULL, '2025-08-20 16:06:05', '2025-08-20 16:06:05'),
	(565, 1, 1, 'JMVOW', '2025-07-19', '2025-04-09', 'FHNAW', 2, 'pdf', 'XPHPB', NULL, NULL, '2025-08-20 16:06:05', '2025-08-20 16:06:05'),
	(566, 1, 1, 'XHELO', '2025-01-25', '2025-06-21', 'UKENC', 3, 'docx', 'LYQQW', NULL, NULL, '2025-08-20 16:06:05', '2025-08-20 16:06:05'),
	(567, 1, 1, 'MWGWF', '2025-03-19', '2025-02-26', 'DQAQB', 2, 'csv', 'FXDDY', NULL, NULL, '2025-08-20 16:06:05', '2025-08-20 16:06:05'),
	(568, 1, 1, 'MVBNG', '2025-01-13', '2025-05-29', 'XUMWR', 2, 'pdf', 'XRTWJ', NULL, NULL, '2025-08-20 16:06:05', '2025-08-20 16:06:05'),
	(569, 1, 1, 'TTPDS', '2025-02-14', '2025-01-18', 'EGORI', 3, 'pdf', 'VJHLH', NULL, NULL, '2025-08-20 16:06:05', '2025-08-20 16:06:05'),
	(570, 1, 1, 'NWWSL', '2025-03-09', '2025-06-02', 'ZBMDV', 1, 'csv', 'SQSDG', NULL, NULL, '2025-08-20 16:06:05', '2025-08-20 16:06:05'),
	(571, 1, 1, 'CIYEX', '2025-04-02', '2025-01-29', 'JKLMH', 1, 'csv', 'SQKCR', NULL, NULL, '2025-08-20 16:06:05', '2025-08-20 16:06:05'),
	(572, 1, 1, 'IVHXJ', '2025-08-15', '2025-01-19', 'YPVNF', 1, 'csv', 'ZSQFC', NULL, NULL, '2025-08-20 16:06:05', '2025-08-20 16:06:05'),
	(573, 1, 1, 'LZIHD', '2025-04-04', '2025-04-11', 'FMMXZ', 1, 'csv', 'ERMMQ', NULL, NULL, '2025-08-20 16:06:05', '2025-08-20 16:06:05'),
	(574, 1, 1, 'VVPYB', '2025-01-24', '2025-07-10', 'HWNKR', 3, 'xlsx', 'VEAQN', NULL, NULL, '2025-08-20 16:06:05', '2025-08-20 16:06:05'),
	(575, 1, 1, 'OZOFU', '2025-06-30', '2025-01-18', 'RTMKX', 3, 'csv', 'XZIGG', NULL, NULL, '2025-08-20 16:06:05', '2025-08-20 16:06:05'),
	(576, 1, 1, 'NEORD', '2025-03-03', '2025-05-30', 'AUCQY', 1, 'csv', 'PBEEN', NULL, NULL, '2025-08-20 16:06:05', '2025-08-20 16:06:05'),
	(577, 1, 1, 'IKQSU', '2025-06-04', '2025-04-13', 'GMIUJ', 2, 'docx', 'QXBTV', NULL, NULL, '2025-08-20 16:06:05', '2025-08-20 16:06:05'),
	(578, 1, 1, 'YHEZC', '2025-08-06', '2025-03-11', 'RLXMK', 2, 'docx', 'KDFIP', NULL, NULL, '2025-08-20 16:06:05', '2025-08-20 16:06:05'),
	(579, 1, 1, 'BMPKY', '2025-03-06', '2025-07-26', 'YGTGD', 1, 'pdf', 'VSQNK', NULL, NULL, '2025-08-20 16:06:05', '2025-08-20 16:06:05'),
	(580, 1, 1, 'GTLYP', '2025-05-06', '2025-02-18', 'CZKEG', 3, 'csv', 'AEHLS', NULL, NULL, '2025-08-20 16:06:05', '2025-08-20 16:06:05'),
	(581, 1, 1, 'NZNTC', '2025-06-04', '2025-06-20', 'UBFEW', 2, 'pdf', 'DLKMP', NULL, NULL, '2025-08-20 16:06:05', '2025-08-20 16:06:05'),
	(582, 1, 1, 'OMWGJ', '2025-06-05', '2025-06-22', 'CUJOS', 2, 'docx', 'XJTJC', NULL, NULL, '2025-08-20 16:06:05', '2025-08-20 16:06:05'),
	(583, 1, 1, 'EOCEO', '2025-07-31', '2025-04-28', 'VWVBR', 3, 'docx', 'GLKJW', NULL, NULL, '2025-08-20 16:06:05', '2025-08-20 16:06:05'),
	(584, 1, 1, 'BFATH', '2025-08-16', '2025-07-12', 'UUCUX', 2, 'pdf', 'OHSCH', NULL, NULL, '2025-08-20 16:06:05', '2025-08-20 16:06:05'),
	(585, 1, 1, 'BJNJB', '2025-03-18', '2025-02-02', 'NYYML', 3, 'csv', 'JJEMU', NULL, NULL, '2025-08-20 16:06:05', '2025-08-20 16:06:05'),
	(586, 1, 1, 'NSVBH', '2025-06-26', '2025-06-26', 'KMQSS', 3, 'csv', 'EZZOL', NULL, NULL, '2025-08-20 16:06:05', '2025-08-20 16:06:05'),
	(587, 1, 1, 'KRETP', '2025-07-02', '2025-06-29', 'KCASN', 3, 'xlsx', 'FISKB', NULL, NULL, '2025-08-20 16:06:05', '2025-08-20 16:06:05'),
	(588, 1, 1, 'NLVHU', '2025-06-30', '2025-07-08', 'EMMLF', 3, 'docx', 'GJHGF', NULL, NULL, '2025-08-20 16:06:05', '2025-08-20 16:06:05'),
	(589, 1, 1, 'YUTXH', '2025-02-22', '2025-07-16', 'IWQDJ', 1, 'pdf', 'DSAZH', NULL, NULL, '2025-08-20 16:06:05', '2025-08-20 16:06:05'),
	(590, 1, 1, 'CRDYR', '2025-01-21', '2025-07-22', 'EVEMC', 1, 'pdf', 'ZXIKH', NULL, NULL, '2025-08-20 16:06:05', '2025-08-20 16:06:05'),
	(591, 1, 1, 'TPOYP', '2025-05-13', '2025-02-24', 'CXLWM', 2, 'csv', 'WFYZX', NULL, NULL, '2025-08-20 16:06:05', '2025-08-20 16:06:05'),
	(592, 1, 1, 'LHICT', '2025-07-21', '2025-03-28', 'AWFOT', 2, 'docx', 'RGAXV', NULL, NULL, '2025-08-20 16:06:05', '2025-08-20 16:06:05'),
	(593, 1, 1, 'MWBZM', '2025-03-13', '2025-03-05', 'KVZTX', 1, 'csv', 'UIRQY', NULL, NULL, '2025-08-20 16:06:05', '2025-08-20 16:06:05'),
	(594, 1, 1, 'BEWUN', '2025-05-04', '2025-05-24', 'MTWAV', 3, 'xlsx', 'ILFYQ', NULL, NULL, '2025-08-20 16:06:05', '2025-08-20 16:06:05'),
	(595, 1, 1, 'SPGPZ', '2025-05-10', '2025-06-28', 'NRNFM', 3, 'xlsx', 'PHQJS', NULL, NULL, '2025-08-20 16:06:05', '2025-08-20 16:06:05'),
	(596, 1, 1, 'WXDMP', '2025-04-20', '2025-06-28', 'MWHMX', 2, 'xlsx', 'SJBLJ', NULL, NULL, '2025-08-20 16:06:05', '2025-08-20 16:06:05'),
	(597, 1, 1, 'JBLDE', '2025-08-01', '2025-05-02', 'CXVEC', 1, 'pdf', 'UDYGT', NULL, NULL, '2025-08-20 16:06:05', '2025-08-20 16:06:05'),
	(598, 1, 1, 'ENWRR', '2025-03-25', '2025-08-12', 'NVPJW', 1, 'xlsx', 'YEGME', NULL, NULL, '2025-08-20 16:06:05', '2025-08-20 16:06:05'),
	(599, 1, 1, 'WTIAA', '2025-08-18', '2025-07-22', 'IBAIU', 1, 'pdf', 'YXEFA', NULL, NULL, '2025-08-20 16:06:05', '2025-08-20 16:06:05'),
	(600, 1, 1, 'PIQSF', '2025-02-24', '2025-05-20', 'XFGFT', 1, 'pdf', 'UQDAD', NULL, NULL, '2025-08-20 16:06:05', '2025-08-20 16:06:05'),
	(601, 1, 1, 'SETHN', '2025-03-24', '2025-04-06', 'KJDLJ', 1, 'pdf', 'FUMKE', NULL, NULL, '2025-08-20 16:06:05', '2025-08-20 16:06:05'),
	(602, 1, 1, 'QHMZT', '2025-07-22', '2025-01-18', 'WJGJA', 3, 'pdf', 'JTQOD', NULL, NULL, '2025-08-20 16:06:05', '2025-08-20 16:06:05'),
	(603, 1, 1, 'MOPQE', '2025-05-11', '2025-06-11', 'RALYW', 2, 'csv', 'THWAI', NULL, NULL, '2025-08-20 16:06:05', '2025-08-20 16:06:05'),
	(604, 1, 1, 'TQGNQ', '2025-07-08', '2025-06-25', 'TPBXY', 1, 'pdf', 'FDZQU', NULL, NULL, '2025-08-20 16:06:05', '2025-08-20 16:06:05'),
	(605, 1, 1, 'ZQNAW', '2025-08-08', '2025-04-26', 'WJSVH', 3, 'csv', 'XASEL', NULL, NULL, '2025-08-20 16:06:05', '2025-08-20 16:06:05'),
	(606, 1, 1, 'PGXGA', '2025-06-15', '2025-05-10', 'MLWCB', 1, 'csv', 'LLIJI', NULL, NULL, '2025-08-20 16:06:05', '2025-08-20 16:06:05'),
	(607, 1, 1, 'GKCPT', '2025-04-20', '2025-04-25', 'FFMXA', 3, 'xlsx', 'JBLHQ', NULL, NULL, '2025-08-20 16:06:05', '2025-08-20 16:06:05'),
	(608, 1, 1, 'KROTB', '2025-06-11', '2025-03-30', 'XZIML', 2, 'xlsx', 'DTKFU', NULL, NULL, '2025-08-20 16:06:05', '2025-08-20 16:06:05'),
	(609, 1, 1, 'BYWUW', '2025-08-17', '2025-04-17', 'AUOLX', 1, 'xlsx', 'ISLCC', NULL, NULL, '2025-08-20 16:06:05', '2025-08-20 16:06:05'),
	(610, 1, 1, 'ZCJKD', '2025-07-16', '2025-01-29', 'GFEXT', 1, 'docx', 'OXRQO', NULL, NULL, '2025-08-20 16:06:05', '2025-08-20 16:06:05'),
	(611, 1, 1, 'TGMMJ', '2025-03-07', '2025-02-14', 'TFKAO', 3, 'pdf', 'KYMUY', NULL, NULL, '2025-08-20 16:06:05', '2025-08-20 16:06:05'),
	(612, 1, 1, 'FLPKX', '2025-08-13', '2025-05-12', 'FATTH', 3, 'xlsx', 'EUWJQ', NULL, NULL, '2025-08-20 16:06:05', '2025-08-20 16:06:05'),
	(613, 1, 1, 'OMDYE', '2025-01-06', '2025-05-30', 'TUGUA', 1, 'pdf', 'DYEUK', NULL, NULL, '2025-08-20 16:06:05', '2025-08-20 16:06:05'),
	(614, 1, 1, 'DZXJS', '2025-03-30', '2025-03-20', 'NLSDM', 1, 'xlsx', 'NPXBX', NULL, NULL, '2025-08-20 16:06:05', '2025-08-20 16:06:05'),
	(615, 1, 1, 'HPDGI', '2025-03-12', '2025-02-22', 'LLFPJ', 3, 'docx', 'WUPPH', NULL, NULL, '2025-08-20 16:06:05', '2025-08-20 16:06:05'),
	(616, 1, 1, 'ANQUT', '2025-03-11', '2025-03-19', 'RZAUM', 2, 'csv', 'VCJUO', NULL, NULL, '2025-08-20 16:06:05', '2025-08-20 16:06:05'),
	(617, 1, 1, 'ICKMZ', '2025-07-03', '2025-02-10', 'NCQIZ', 1, 'csv', 'PJQHP', NULL, NULL, '2025-08-20 16:06:05', '2025-08-20 16:06:05'),
	(618, 1, 1, 'XXCVB', '2025-01-22', '2025-07-30', 'HIRFW', 3, 'docx', 'XEHKV', NULL, NULL, '2025-08-20 16:06:05', '2025-08-20 16:06:05'),
	(619, 1, 1, 'AONFF', '2025-05-02', '2025-04-05', 'EXXKY', 1, 'pdf', 'BBZYJ', NULL, NULL, '2025-08-20 16:06:05', '2025-08-20 16:06:05'),
	(620, 1, 1, 'PMJZH', '2025-04-11', '2025-06-03', 'JYLBV', 1, 'csv', 'VSCCO', NULL, NULL, '2025-08-20 16:06:05', '2025-08-20 16:06:05'),
	(621, 1, 1, 'UQHUW', '2025-06-03', '2025-05-01', 'PWWFJ', 2, 'csv', 'WXINB', NULL, NULL, '2025-08-20 16:06:05', '2025-08-20 16:06:05'),
	(622, 1, 1, 'PUGXX', '2025-01-19', '2025-06-12', 'TAEJS', 1, 'csv', 'GLKKF', NULL, NULL, '2025-08-20 16:06:05', '2025-08-20 16:06:05'),
	(623, 1, 1, 'IZJSR', '2025-05-09', '2025-04-02', 'WIGUJ', 3, 'pdf', 'HGSVS', NULL, NULL, '2025-08-20 16:06:05', '2025-08-20 16:06:05'),
	(624, 1, 1, 'RDJTN', '2025-06-26', '2025-01-28', 'TVAGA', 3, 'csv', 'NOMUR', NULL, NULL, '2025-08-20 16:06:05', '2025-08-20 16:06:05'),
	(625, 1, 1, 'LKVSH', '2025-03-19', '2025-05-28', 'ESTFK', 1, 'docx', 'SASUP', NULL, NULL, '2025-08-20 16:06:05', '2025-08-20 16:06:05'),
	(626, 1, 1, 'KOPDK', '2025-06-21', '2025-01-18', 'CUDWP', 1, 'docx', 'SDKLT', NULL, NULL, '2025-08-20 16:06:05', '2025-08-20 16:06:05'),
	(627, 1, 1, 'GRXJE', '2025-07-20', '2025-08-09', 'HFYQI', 1, 'pdf', 'WQBIC', NULL, NULL, '2025-08-20 16:06:05', '2025-08-20 16:06:05'),
	(628, 1, 1, 'LVKZI', '2025-01-14', '2025-05-26', 'QMTEN', 1, 'xlsx', 'OCHJI', NULL, NULL, '2025-08-20 16:06:05', '2025-08-20 16:06:05'),
	(629, 1, 1, 'XQMCU', '2025-08-20', '2025-08-07', 'UIOPB', 3, 'pdf', 'CHYNL', NULL, NULL, '2025-08-20 16:06:05', '2025-08-20 16:06:05'),
	(630, 1, 1, 'WAJUR', '2025-06-02', '2025-07-27', 'SLVED', 1, 'xlsx', 'CHYIC', NULL, NULL, '2025-08-20 16:06:05', '2025-08-20 16:06:05'),
	(631, 1, 1, 'CAWKL', '2025-07-10', '2025-02-28', 'RDWBQ', 3, 'xlsx', 'OTAOQ', NULL, NULL, '2025-08-20 16:06:05', '2025-08-20 16:06:05'),
	(632, 1, 1, 'ZHKZR', '2025-08-15', '2025-08-07', 'VBYKS', 2, 'docx', 'GTAQK', NULL, NULL, '2025-08-20 16:06:05', '2025-08-20 16:06:05'),
	(633, 1, 1, 'WRBSL', '2025-06-18', '2025-06-20', 'FHACJ', 3, 'docx', 'IIUAE', NULL, NULL, '2025-08-20 16:06:05', '2025-08-20 16:06:05'),
	(634, 1, 1, 'WLRUA', '2025-04-07', '2025-08-20', 'BTERH', 2, 'docx', 'GEOCC', NULL, NULL, '2025-08-20 16:06:05', '2025-08-20 16:06:05'),
	(635, 1, 1, 'NXIIG', '2025-01-14', '2025-06-13', 'ZNHMX', 3, 'docx', 'HRLXP', NULL, NULL, '2025-08-20 16:06:05', '2025-08-20 16:06:05'),
	(636, 1, 1, 'TKXAK', '2025-01-04', '2025-07-08', 'EMLRM', 3, 'csv', 'KMNIT', NULL, NULL, '2025-08-20 16:06:05', '2025-08-20 16:06:05'),
	(637, 1, 1, 'BINZO', '2025-03-26', '2025-08-13', 'BONXS', 3, 'xlsx', 'QAFVZ', NULL, NULL, '2025-08-20 16:06:05', '2025-08-20 16:06:05'),
	(638, 1, 1, 'DKRJX', '2025-06-20', '2025-07-28', 'HAGMH', 3, 'pdf', 'WWQCN', NULL, NULL, '2025-08-20 16:06:05', '2025-08-20 16:06:05'),
	(639, 1, 1, 'HDRBG', '2025-03-09', '2025-04-28', 'CMCCZ', 3, 'xlsx', 'TOHVF', NULL, NULL, '2025-08-20 16:06:05', '2025-08-20 16:06:05'),
	(640, 1, 1, 'MYJYY', '2025-06-14', '2025-06-20', 'ZXUGW', 3, 'csv', 'YVMHK', NULL, NULL, '2025-08-20 16:06:05', '2025-08-20 16:06:05'),
	(641, 1, 1, 'CCQJN', '2025-04-29', '2025-04-24', 'MWSBB', 1, 'docx', 'ZHWPI', NULL, NULL, '2025-08-20 16:06:05', '2025-08-20 16:06:05'),
	(642, 1, 1, 'YCCSL', '2025-03-19', '2025-06-12', 'SJYPY', 3, 'csv', 'LWTEL', NULL, NULL, '2025-08-20 16:06:05', '2025-08-20 16:06:05'),
	(643, 1, 1, 'THFNW', '2025-01-25', '2025-04-06', 'XKGND', 3, 'xlsx', 'RASFA', NULL, NULL, '2025-08-20 16:06:05', '2025-08-20 16:06:05'),
	(644, 1, 1, 'GTANQ', '2025-06-22', '2025-04-19', 'QVIAC', 3, 'pdf', 'NISSR', NULL, NULL, '2025-08-20 16:06:05', '2025-08-20 16:06:05'),
	(645, 1, 1, 'CXAMI', '2025-03-16', '2025-06-10', 'VQGLF', 2, 'xlsx', 'QTJED', NULL, NULL, '2025-08-20 16:06:05', '2025-08-20 16:06:05'),
	(646, 1, 1, 'GPXML', '2025-02-13', '2025-01-06', 'QSNXU', 1, 'xlsx', 'OSFID', NULL, NULL, '2025-08-20 16:06:05', '2025-08-20 16:06:05'),
	(647, 1, 1, 'ANSTL', '2025-04-27', '2025-08-08', 'TBKFM', 2, 'csv', 'VALSB', NULL, NULL, '2025-08-20 16:06:05', '2025-08-20 16:06:05'),
	(648, 1, 1, 'DRBRJ', '2025-07-21', '2025-01-07', 'VTMSL', 1, 'xlsx', 'MMVKE', NULL, NULL, '2025-08-20 16:06:05', '2025-08-20 16:06:05'),
	(649, 1, 1, 'NJIET', '2025-04-25', '2025-05-09', 'QNOQG', 1, 'pdf', 'UZSDY', NULL, NULL, '2025-08-20 16:06:05', '2025-08-20 16:06:05'),
	(650, 1, 1, 'SVVEJ', '2025-03-19', '2025-05-06', 'QYWAC', 3, 'pdf', 'NNTKO', NULL, NULL, '2025-08-20 16:06:05', '2025-08-20 16:06:05'),
	(651, 1, 1, 'QKOAR', '2025-07-16', '2025-08-03', 'EQAJZ', 1, 'xlsx', 'OEEIG', NULL, NULL, '2025-08-20 16:06:05', '2025-08-20 16:06:05'),
	(652, 1, 1, 'KFZOH', '2025-03-10', '2025-06-19', 'FNDAE', 2, 'csv', 'OOVNX', NULL, NULL, '2025-08-20 16:06:05', '2025-08-20 16:06:05'),
	(653, 1, 1, 'OSGMT', '2025-08-17', '2025-07-13', 'KAZWJ', 3, 'csv', 'MKBDG', NULL, NULL, '2025-08-20 16:06:05', '2025-08-20 16:06:05'),
	(654, 1, 1, 'USKUT', '2025-05-28', '2025-01-26', 'TFTER', 1, 'docx', 'HLJMV', NULL, NULL, '2025-08-20 16:06:05', '2025-08-20 16:06:05'),
	(655, 1, 1, 'HINTI', '2025-03-07', '2025-03-07', 'LTMMG', 2, 'xlsx', 'LHLGM', NULL, NULL, '2025-08-20 16:06:05', '2025-08-20 16:06:05'),
	(656, 1, 1, 'MLOHF', '2025-05-22', '2025-02-25', 'LNVED', 2, 'xlsx', 'HOWFA', NULL, NULL, '2025-08-20 16:06:05', '2025-08-20 16:06:05'),
	(657, 1, 1, 'QOAJN', '2025-06-24', '2025-03-28', 'DOWQO', 3, 'docx', 'DKKDJ', NULL, NULL, '2025-08-20 16:06:05', '2025-08-20 16:06:05'),
	(658, 1, 1, 'BEMRC', '2025-01-05', '2025-04-26', 'BQGAR', 2, 'csv', 'WRZZB', NULL, NULL, '2025-08-20 16:06:05', '2025-08-20 16:06:05'),
	(659, 1, 1, 'RIRCO', '2025-01-19', '2025-05-26', 'CXCUJ', 3, 'docx', 'IQJBM', NULL, NULL, '2025-08-20 16:06:05', '2025-08-20 16:06:05'),
	(660, 1, 1, 'GDPVM', '2025-02-06', '2025-04-23', 'IPPTO', 2, 'docx', 'HOLAY', NULL, NULL, '2025-08-20 16:06:06', '2025-08-20 16:06:06'),
	(661, 1, 1, 'RKPVJ', '2025-05-18', '2025-05-26', 'IUCBR', 3, 'pdf', 'RYLYE', NULL, NULL, '2025-08-20 16:06:06', '2025-08-20 16:06:06'),
	(662, 1, 1, 'FQHSJ', '2025-03-13', '2025-03-10', 'RPGUH', 3, 'docx', 'RJWJB', NULL, NULL, '2025-08-20 16:06:06', '2025-08-20 16:06:06'),
	(663, 1, 1, 'ELUVO', '2025-04-20', '2025-03-20', 'ACYYB', 2, 'xlsx', 'ATLAU', NULL, NULL, '2025-08-20 16:06:06', '2025-08-20 16:06:06'),
	(664, 1, 1, 'PNSTI', '2025-04-19', '2025-02-09', 'VXQVF', 2, 'pdf', 'WBECP', NULL, NULL, '2025-08-20 16:06:06', '2025-08-20 16:06:06'),
	(665, 1, 1, 'XRPSO', '2025-07-04', '2025-07-28', 'ZRFNW', 2, 'docx', 'NZMYC', NULL, NULL, '2025-08-20 16:06:06', '2025-08-20 16:06:06'),
	(666, 1, 1, 'LLXNF', '2025-02-27', '2025-04-05', 'SIPBG', 3, 'docx', 'ACJXF', NULL, NULL, '2025-08-20 16:06:06', '2025-08-20 16:06:06'),
	(667, 1, 1, 'HXBRW', '2025-05-28', '2025-06-21', 'QAKFN', 1, 'docx', 'LCHMB', NULL, NULL, '2025-08-20 16:06:06', '2025-08-20 16:06:06'),
	(668, 1, 1, 'TRAHR', '2025-03-03', '2025-02-23', 'NTWZV', 2, 'docx', 'WZXCZ', NULL, NULL, '2025-08-20 16:06:06', '2025-08-20 16:06:06'),
	(669, 1, 1, 'CPOUE', '2025-06-11', '2025-07-16', 'LTZIF', 2, 'docx', 'TNCZN', NULL, NULL, '2025-08-20 16:06:06', '2025-08-20 16:06:06'),
	(670, 1, 1, 'SRNTR', '2025-07-22', '2025-08-04', 'KVDNA', 2, 'xlsx', 'FSZVM', NULL, NULL, '2025-08-20 16:06:06', '2025-08-20 16:06:06'),
	(671, 1, 1, 'BWRRJ', '2025-08-16', '2025-07-09', 'MGFSG', 2, 'docx', 'ZGIUR', NULL, NULL, '2025-08-20 16:06:06', '2025-08-20 16:06:06'),
	(672, 1, 1, 'XSKFK', '2025-03-18', '2025-05-23', 'VZLFC', 3, 'docx', 'MGQFB', NULL, NULL, '2025-08-20 16:06:06', '2025-08-20 16:06:06'),
	(673, 1, 1, 'GPFCJ', '2025-01-05', '2025-05-27', 'MTGYJ', 3, 'pdf', 'OJRFQ', NULL, NULL, '2025-08-20 16:06:06', '2025-08-20 16:06:06'),
	(674, 1, 1, 'GOPEQ', '2025-08-07', '2025-05-18', 'NFEUI', 1, 'pdf', 'KNEIM', NULL, NULL, '2025-08-20 16:06:06', '2025-08-20 16:06:06'),
	(675, 1, 1, 'IXTLW', '2025-05-01', '2025-01-17', 'ZLBXX', 1, 'xlsx', 'MGASF', NULL, NULL, '2025-08-20 16:06:06', '2025-08-20 16:06:06'),
	(676, 1, 1, 'WEXQK', '2025-06-13', '2025-01-11', 'GQCQI', 1, 'csv', 'WKYDX', NULL, NULL, '2025-08-20 16:06:06', '2025-08-20 16:06:06'),
	(677, 1, 1, 'GWYVT', '2025-04-12', '2025-02-25', 'NWAFR', 3, 'pdf', 'QQJOH', NULL, NULL, '2025-08-20 16:06:06', '2025-08-20 16:06:06'),
	(678, 1, 1, 'BZAVN', '2025-03-26', '2025-08-13', 'YIWWW', 3, 'docx', 'YDPEX', NULL, NULL, '2025-08-20 16:06:06', '2025-08-20 16:06:06'),
	(679, 1, 1, 'XJFKB', '2025-04-11', '2025-07-08', 'EJNIF', 3, 'xlsx', 'ITONC', NULL, NULL, '2025-08-20 16:06:06', '2025-08-20 16:06:06'),
	(680, 1, 1, 'UBCUP', '2025-07-25', '2025-05-20', 'XPJNB', 2, 'pdf', 'JSZLF', NULL, NULL, '2025-08-20 16:06:06', '2025-08-20 16:06:06'),
	(681, 1, 1, 'ZNYZZ', '2025-02-01', '2025-04-21', 'HLQJM', 3, 'xlsx', 'NWJLS', NULL, NULL, '2025-08-20 16:06:06', '2025-08-20 16:06:06'),
	(682, 1, 1, 'FXMLD', '2025-04-14', '2025-05-18', 'CJLTZ', 2, 'xlsx', 'JTZOZ', NULL, NULL, '2025-08-20 16:06:06', '2025-08-20 16:06:06'),
	(683, 1, 1, 'UAABG', '2025-03-15', '2025-05-18', 'GGKXG', 2, 'xlsx', 'NBOPO', NULL, NULL, '2025-08-20 16:06:06', '2025-08-20 16:06:06'),
	(684, 1, 1, 'YAOIF', '2025-05-04', '2025-08-05', 'PNLBW', 2, 'csv', 'KDUWS', NULL, NULL, '2025-08-20 16:06:06', '2025-08-20 16:06:06'),
	(685, 1, 1, 'MALBK', '2025-05-17', '2025-02-09', 'CJFIZ', 1, 'xlsx', 'YDBOL', NULL, NULL, '2025-08-20 16:06:06', '2025-08-20 16:06:06'),
	(686, 1, 1, 'YCVQS', '2025-04-15', '2025-01-24', 'LDRJX', 3, 'docx', 'NGMLN', NULL, NULL, '2025-08-20 16:06:06', '2025-08-20 16:06:06'),
	(687, 1, 1, 'LTLJA', '2025-05-02', '2025-06-24', 'EMMLS', 3, 'csv', 'YTCVF', NULL, NULL, '2025-08-20 16:06:06', '2025-08-20 16:06:06'),
	(688, 1, 1, 'WMVIU', '2025-08-02', '2025-01-01', 'EAZPG', 2, 'pdf', 'ISPNL', NULL, NULL, '2025-08-20 16:06:06', '2025-08-20 16:06:06'),
	(689, 1, 1, 'TSAUB', '2025-02-26', '2025-02-09', 'NNWXU', 1, 'csv', 'LZGZK', NULL, NULL, '2025-08-20 16:06:06', '2025-08-20 16:06:06'),
	(690, 1, 1, 'EWBYS', '2025-02-26', '2025-07-30', 'YGAPY', 2, 'pdf', 'SZBHI', NULL, NULL, '2025-08-20 16:06:06', '2025-08-20 16:06:06'),
	(691, 1, 1, 'BVOJS', '2025-02-04', '2025-05-04', 'THHTO', 1, 'docx', 'RRJGF', NULL, NULL, '2025-08-20 16:06:06', '2025-08-20 16:06:06'),
	(692, 1, 1, 'JNGWM', '2025-06-02', '2025-06-28', 'PODEB', 2, 'xlsx', 'DFYXD', NULL, NULL, '2025-08-20 16:06:06', '2025-08-20 16:06:06'),
	(693, 1, 1, 'MEFVK', '2025-05-07', '2025-08-17', 'ZVYIE', 3, 'docx', 'JLSAB', NULL, NULL, '2025-08-20 16:06:06', '2025-08-20 16:06:06'),
	(694, 1, 1, 'LGGGV', '2025-06-24', '2025-08-06', 'TDGNI', 1, 'csv', 'TXXRD', NULL, NULL, '2025-08-20 16:06:06', '2025-08-20 16:06:06'),
	(695, 1, 1, 'EYRMH', '2025-01-21', '2025-05-22', 'FZAJA', 2, 'docx', 'FULKM', NULL, NULL, '2025-08-20 16:06:06', '2025-08-20 16:06:06'),
	(696, 1, 1, 'WQNAT', '2025-05-05', '2025-01-23', 'TUOYC', 2, 'pdf', 'RWPUM', NULL, NULL, '2025-08-20 16:06:06', '2025-08-20 16:06:06'),
	(697, 1, 1, 'MBIAE', '2025-06-16', '2025-05-14', 'EKZGQ', 3, 'xlsx', 'MDXNL', NULL, NULL, '2025-08-20 16:06:06', '2025-08-20 16:06:06'),
	(698, 1, 1, 'ZDTRK', '2025-03-18', '2025-02-15', 'VWUTG', 3, 'xlsx', 'MLGRF', NULL, NULL, '2025-08-20 16:06:06', '2025-08-20 16:06:06'),
	(699, 1, 1, 'QARRF', '2025-03-04', '2025-07-18', 'MRVLU', 2, 'pdf', 'DLGCY', NULL, NULL, '2025-08-20 16:06:06', '2025-08-20 16:06:06'),
	(700, 1, 1, 'AUGHR', '2025-01-24', '2025-05-19', 'ANLHD', 3, 'xlsx', 'RMBBH', NULL, NULL, '2025-08-20 16:06:06', '2025-08-20 16:06:06'),
	(701, 1, 1, 'YKMPA', '2025-07-09', '2025-04-23', 'IVQAP', 2, 'docx', 'SPPRH', NULL, NULL, '2025-08-20 16:06:06', '2025-08-20 16:06:06'),
	(702, 1, 1, 'DQVQD', '2025-01-06', '2025-01-12', 'PNAKN', 2, 'pdf', 'HBEKK', NULL, NULL, '2025-08-20 16:06:06', '2025-08-20 16:06:06'),
	(703, 1, 1, 'UNALK', '2025-01-29', '2025-01-21', 'WUNFA', 1, 'docx', 'XZUDX', NULL, NULL, '2025-08-20 16:06:06', '2025-08-20 16:06:06'),
	(704, 1, 1, 'NVLKP', '2025-07-16', '2025-07-06', 'CESTL', 3, 'csv', 'DLYBD', NULL, NULL, '2025-08-20 16:06:06', '2025-08-20 16:06:06'),
	(705, 1, 1, 'FLYPD', '2025-05-19', '2025-06-19', 'IWMEY', 2, 'xlsx', 'PYBZX', NULL, NULL, '2025-08-20 16:06:06', '2025-08-20 16:06:06'),
	(706, 1, 1, 'QUCCN', '2025-02-14', '2025-04-24', 'JHGLQ', 2, 'csv', 'PVBHD', NULL, NULL, '2025-08-20 16:06:06', '2025-08-20 16:06:06'),
	(707, 1, 1, 'UPTIV', '2025-05-07', '2025-02-03', 'TGSYD', 3, 'csv', 'EJZUX', NULL, NULL, '2025-08-20 16:06:06', '2025-08-20 16:06:06'),
	(708, 1, 1, 'JKCUF', '2025-07-27', '2025-06-19', 'EBITJ', 2, 'xlsx', 'HDWHZ', NULL, NULL, '2025-08-20 16:06:06', '2025-08-20 16:06:06'),
	(709, 1, 1, 'RFEHU', '2025-05-16', '2025-04-05', 'NKYAF', 2, 'pdf', 'SEVAS', NULL, NULL, '2025-08-20 16:06:06', '2025-08-20 16:06:06'),
	(710, 1, 1, 'INUMQ', '2025-05-10', '2025-07-29', 'LWCBZ', 1, 'pdf', 'OVTJC', NULL, NULL, '2025-08-20 16:06:06', '2025-08-20 16:06:06'),
	(711, 1, 1, 'STTME', '2025-07-23', '2025-01-06', 'CSWXF', 3, 'docx', 'YKGXD', NULL, NULL, '2025-08-20 16:06:06', '2025-08-20 16:06:06'),
	(712, 1, 1, 'JJDCL', '2025-06-04', '2025-03-06', 'RWUNX', 2, 'docx', 'RBZLJ', NULL, NULL, '2025-08-20 16:06:06', '2025-08-20 16:06:06'),
	(713, 1, 1, 'SAFPP', '2025-03-01', '2025-07-22', 'CNVOP', 2, 'csv', 'ETEOA', NULL, NULL, '2025-08-20 16:06:06', '2025-08-20 16:06:06'),
	(714, 1, 1, 'RZFQB', '2025-06-16', '2025-02-28', 'VKCMM', 2, 'pdf', 'DTEFX', NULL, NULL, '2025-08-20 16:06:06', '2025-08-20 16:06:06'),
	(715, 1, 1, 'LFCGV', '2025-04-04', '2025-03-05', 'HPBRV', 3, 'docx', 'EGIHH', NULL, NULL, '2025-08-20 16:06:06', '2025-08-20 16:06:06'),
	(716, 1, 1, 'AIFGG', '2025-06-07', '2025-03-03', 'HGEBD', 1, 'pdf', 'EKFNP', NULL, NULL, '2025-08-20 16:06:06', '2025-08-20 16:06:06'),
	(717, 1, 1, 'GCATV', '2025-01-20', '2025-03-03', 'YULNE', 3, 'csv', 'LDFNL', NULL, NULL, '2025-08-20 16:06:06', '2025-08-20 16:06:06'),
	(718, 1, 1, 'FQDOG', '2025-01-05', '2025-05-06', 'CCSCJ', 1, 'csv', 'PGZDH', NULL, NULL, '2025-08-20 16:06:06', '2025-08-20 16:06:06'),
	(719, 1, 1, 'NXMPE', '2025-04-09', '2025-07-18', 'ERFBD', 3, 'pdf', 'WHIUL', NULL, NULL, '2025-08-20 16:06:06', '2025-08-20 16:06:06'),
	(720, 1, 1, 'GLPHR', '2025-05-22', '2025-05-04', 'NTPMF', 2, 'docx', 'BFHVU', NULL, NULL, '2025-08-20 16:06:06', '2025-08-20 16:06:06'),
	(721, 1, 1, 'RYTRH', '2025-01-15', '2025-05-28', 'SXIRY', 1, 'pdf', 'LXIHV', NULL, NULL, '2025-08-20 16:06:06', '2025-08-20 16:06:06'),
	(722, 1, 1, 'KPEAK', '2025-03-18', '2025-01-04', 'MDQFJ', 3, 'pdf', 'FGAOY', NULL, NULL, '2025-08-20 16:06:06', '2025-08-20 16:06:06'),
	(723, 1, 1, 'BNYYF', '2025-01-12', '2025-04-07', 'SKYNC', 3, 'pdf', 'SHPAC', NULL, NULL, '2025-08-20 16:06:06', '2025-08-20 16:06:06'),
	(724, 1, 1, 'SRSFY', '2025-04-27', '2025-07-20', 'RMTFG', 3, 'xlsx', 'BZMZL', NULL, NULL, '2025-08-20 16:06:06', '2025-08-20 16:06:06'),
	(725, 1, 1, 'HDUGQ', '2025-05-29', '2025-07-22', 'RABMG', 1, 'csv', 'ZDMEI', NULL, NULL, '2025-08-20 16:06:06', '2025-08-20 16:06:06'),
	(726, 1, 1, 'OHIEB', '2025-06-08', '2025-07-22', 'IQDKU', 2, 'csv', 'ROVVO', NULL, NULL, '2025-08-20 16:06:06', '2025-08-20 16:06:06'),
	(727, 1, 1, 'PZNHL', '2025-03-12', '2025-04-13', 'LOBTQ', 3, 'xlsx', 'ENAVZ', NULL, NULL, '2025-08-20 16:06:06', '2025-08-20 16:06:06'),
	(728, 1, 1, 'EQOWO', '2025-04-03', '2025-03-07', 'YPLFO', 2, 'xlsx', 'DTJFF', NULL, NULL, '2025-08-20 16:06:06', '2025-08-20 16:06:06'),
	(729, 1, 1, 'OUDET', '2025-05-16', '2025-04-11', 'FJYSC', 2, 'csv', 'PFWQQ', NULL, NULL, '2025-08-20 16:06:06', '2025-08-20 16:06:06'),
	(730, 1, 1, 'WIUTB', '2025-04-30', '2025-05-09', 'JWGEU', 3, 'docx', 'GZMZI', NULL, NULL, '2025-08-20 16:06:06', '2025-08-20 16:06:06'),
	(731, 1, 1, 'DRUCD', '2025-06-19', '2025-04-02', 'PCEWJ', 2, 'pdf', 'JADHN', NULL, NULL, '2025-08-20 16:06:06', '2025-08-20 16:06:06'),
	(732, 1, 1, 'PFPHZ', '2025-05-02', '2025-02-21', 'UBFYT', 1, 'xlsx', 'ONKSY', NULL, NULL, '2025-08-20 16:06:06', '2025-08-20 16:06:06'),
	(733, 1, 1, 'SJFSD', '2025-03-26', '2025-05-14', 'DQREU', 3, 'csv', 'YYIKJ', NULL, NULL, '2025-08-20 16:06:06', '2025-08-20 16:06:06'),
	(734, 1, 1, 'HPBFF', '2025-04-19', '2025-07-28', 'CTEIN', 1, 'xlsx', 'QIRST', NULL, NULL, '2025-08-20 16:06:06', '2025-08-20 16:06:06'),
	(735, 1, 1, 'QFHAB', '2025-08-07', '2025-06-30', 'BRMOS', 2, 'docx', 'CSODQ', NULL, NULL, '2025-08-20 16:06:06', '2025-08-20 16:06:06'),
	(736, 1, 1, 'LIOGO', '2025-06-26', '2025-01-06', 'KWZUD', 2, 'xlsx', 'VADOO', NULL, NULL, '2025-08-20 16:06:06', '2025-08-20 16:06:06'),
	(737, 1, 1, 'PLSZJ', '2025-03-09', '2025-07-27', 'VBOQW', 1, 'pdf', 'XWIOU', NULL, NULL, '2025-08-20 16:06:06', '2025-08-20 16:06:06'),
	(738, 1, 1, 'NAGMS', '2025-06-07', '2025-08-02', 'MMOGB', 3, 'csv', 'KROJN', NULL, NULL, '2025-08-20 16:06:06', '2025-08-20 16:06:06'),
	(739, 1, 1, 'YPZND', '2025-01-17', '2025-07-25', 'VDXRC', 2, 'pdf', 'FDMAF', NULL, NULL, '2025-08-20 16:06:06', '2025-08-20 16:06:06'),
	(740, 1, 1, 'LIONT', '2025-07-04', '2025-03-22', 'KBOWJ', 3, 'xlsx', 'WAARK', NULL, NULL, '2025-08-20 16:06:06', '2025-08-20 16:06:06'),
	(741, 1, 1, 'UYVQX', '2025-01-05', '2025-03-19', 'YYNME', 1, 'xlsx', 'ANVRG', NULL, NULL, '2025-08-20 16:06:06', '2025-08-20 16:06:06'),
	(742, 1, 1, 'KWTXO', '2025-06-13', '2025-04-12', 'OERNA', 1, 'csv', 'NABFH', NULL, NULL, '2025-08-20 16:06:06', '2025-08-20 16:06:06'),
	(743, 1, 1, 'QVWWI', '2025-04-29', '2025-03-15', 'MRXRU', 3, 'xlsx', 'EGCVA', NULL, NULL, '2025-08-20 16:06:06', '2025-08-20 16:06:06'),
	(744, 1, 1, 'FOUGS', '2025-05-30', '2025-04-28', 'UDUND', 3, 'csv', 'VGGZH', NULL, NULL, '2025-08-20 16:06:06', '2025-08-20 16:06:06'),
	(745, 1, 1, 'NIVFK', '2025-04-14', '2025-08-20', 'BNISH', 3, 'pdf', 'SQNZA', NULL, NULL, '2025-08-20 16:06:06', '2025-08-20 16:06:06'),
	(746, 1, 1, 'ETCYH', '2025-06-16', '2025-04-11', 'NNYAF', 2, 'csv', 'UOELA', NULL, NULL, '2025-08-20 16:06:06', '2025-08-20 16:06:06'),
	(747, 1, 1, 'CZEXQ', '2025-06-01', '2025-06-26', 'FNRBC', 1, 'docx', 'SWXKH', NULL, NULL, '2025-08-20 16:06:06', '2025-08-20 16:06:06'),
	(748, 1, 1, 'ILAFW', '2025-07-05', '2025-06-15', 'TLEYB', 3, 'xlsx', 'ERQIW', NULL, NULL, '2025-08-20 16:06:06', '2025-08-20 16:06:06'),
	(749, 1, 1, 'YJOYC', '2025-02-12', '2025-07-02', 'VFWFW', 1, 'pdf', 'KHLQE', NULL, NULL, '2025-08-20 16:06:06', '2025-08-20 16:06:06'),
	(750, 1, 1, 'OWHPA', '2025-05-30', '2025-06-11', 'RKRCJ', 1, 'csv', 'VCSLU', NULL, NULL, '2025-08-20 16:06:06', '2025-08-20 16:06:06'),
	(751, 1, 1, 'FFGCD', '2025-01-30', '2025-06-09', 'FGVRJ', 2, 'docx', 'TNADG', NULL, NULL, '2025-08-20 16:06:06', '2025-08-20 16:06:06'),
	(752, 1, 1, 'MJIYQ', '2025-06-16', '2025-01-18', 'ZGDAM', 3, 'docx', 'IQWMT', NULL, NULL, '2025-08-20 16:06:06', '2025-08-20 16:06:06'),
	(753, 1, 1, 'VKHEL', '2025-04-17', '2025-04-13', 'UFTIC', 1, 'pdf', 'GQHRJ', NULL, NULL, '2025-08-20 16:06:06', '2025-08-20 16:06:06'),
	(754, 1, 1, 'XFWPN', '2025-04-20', '2025-06-22', 'ZOGOO', 3, 'docx', 'JRXTV', NULL, NULL, '2025-08-20 16:06:06', '2025-08-20 16:06:06'),
	(755, 1, 1, 'CLCOZ', '2025-07-02', '2025-02-01', 'NZIBF', 2, 'docx', 'ELLRU', NULL, NULL, '2025-08-20 16:06:06', '2025-08-20 16:06:06'),
	(756, 1, 1, 'ALYWW', '2025-04-08', '2025-06-15', 'KLMYJ', 3, 'docx', 'LGSKB', NULL, NULL, '2025-08-20 16:06:06', '2025-08-20 16:06:06'),
	(757, 1, 1, 'PJECN', '2025-05-25', '2025-07-26', 'FMVUV', 3, 'docx', 'RFRJV', NULL, NULL, '2025-08-20 16:06:06', '2025-08-20 16:06:06'),
	(758, 1, 1, 'PZSGO', '2025-03-26', '2025-06-04', 'KFOUB', 1, 'docx', 'HZQPF', NULL, NULL, '2025-08-20 16:06:06', '2025-08-20 16:06:06'),
	(759, 1, 1, 'SRZAM', '2025-08-04', '2025-03-20', 'STLGN', 2, 'docx', 'BSKOS', NULL, NULL, '2025-08-20 16:06:06', '2025-08-20 16:06:06'),
	(760, 1, 1, 'MSMIP', '2025-06-05', '2025-06-17', 'HNDFL', 1, 'pdf', 'WBSRR', NULL, NULL, '2025-08-20 16:06:06', '2025-08-20 16:06:06'),
	(761, 1, 1, 'UNYOL', '2025-01-05', '2025-01-18', 'KYZUU', 2, 'pdf', 'XGIYC', NULL, NULL, '2025-08-20 16:06:06', '2025-08-20 16:06:06'),
	(762, 1, 1, 'KGHHW', '2025-07-27', '2025-03-13', 'QNMGL', 3, 'pdf', 'OARAV', NULL, NULL, '2025-08-20 16:06:06', '2025-08-20 16:06:06'),
	(763, 1, 1, 'XUCOD', '2025-08-20', '2025-07-13', 'UOOPN', 2, 'pdf', 'WWIEF', NULL, NULL, '2025-08-20 16:06:06', '2025-08-20 16:06:06'),
	(764, 1, 1, 'KNHZA', '2025-04-18', '2025-04-05', 'UVCSY', 3, 'pdf', 'REZFS', NULL, NULL, '2025-08-20 16:06:06', '2025-08-20 16:06:06'),
	(765, 1, 1, 'SSVIB', '2025-06-02', '2025-03-03', 'SOMIT', 3, 'xlsx', 'RRQWC', NULL, NULL, '2025-08-20 16:06:06', '2025-08-20 16:06:06'),
	(766, 1, 1, 'PSSAD', '2025-07-15', '2025-05-29', 'NCDRK', 2, 'docx', 'FJAET', NULL, NULL, '2025-08-20 16:06:06', '2025-08-20 16:06:06'),
	(767, 1, 1, 'WOBQV', '2025-04-26', '2025-04-16', 'DIHQU', 3, 'xlsx', 'JBRKT', NULL, NULL, '2025-08-20 16:06:06', '2025-08-20 16:06:06'),
	(768, 1, 1, 'GVITQ', '2025-03-09', '2025-04-16', 'ZNBVZ', 1, 'docx', 'EUKOO', NULL, NULL, '2025-08-20 16:06:06', '2025-08-20 16:06:06'),
	(769, 1, 1, 'AVGKI', '2025-08-13', '2025-03-28', 'GQPTY', 3, 'docx', 'LGFLU', NULL, NULL, '2025-08-20 16:06:06', '2025-08-20 16:06:06'),
	(770, 1, 1, 'NWSPG', '2025-02-13', '2025-03-04', 'SBSHB', 2, 'pdf', 'CBLWW', NULL, NULL, '2025-08-20 16:06:06', '2025-08-20 16:06:06'),
	(771, 1, 1, 'FTKMM', '2025-02-22', '2025-03-04', 'NKIBY', 3, 'docx', 'GFXSV', NULL, NULL, '2025-08-20 16:06:06', '2025-08-20 16:06:06'),
	(772, 1, 1, 'HWXBU', '2025-04-12', '2025-02-02', 'UAVXE', 1, 'csv', 'GBXDL', NULL, NULL, '2025-08-20 16:06:06', '2025-08-20 16:06:06'),
	(773, 1, 1, 'PFJVH', '2025-08-01', '2025-05-10', 'XHQPB', 2, 'xlsx', 'GWENB', NULL, NULL, '2025-08-20 16:06:06', '2025-08-20 16:06:06'),
	(774, 1, 1, 'RZEMB', '2025-07-20', '2025-06-05', 'DLXUV', 2, 'docx', 'SHOUX', NULL, NULL, '2025-08-20 16:06:06', '2025-08-20 16:06:06'),
	(775, 1, 1, 'WXLDH', '2025-01-18', '2025-08-15', 'CZWFF', 3, 'pdf', 'SCKVC', NULL, NULL, '2025-08-20 16:06:06', '2025-08-20 16:06:06'),
	(776, 1, 1, 'DMZXV', '2025-01-02', '2025-07-16', 'KXLRR', 3, 'xlsx', 'KHWKO', NULL, NULL, '2025-08-20 16:06:06', '2025-08-20 16:06:06'),
	(777, 1, 1, 'UZHCT', '2025-02-12', '2025-04-24', 'WXDSD', 2, 'pdf', 'JSGIT', NULL, NULL, '2025-08-20 16:06:06', '2025-08-20 16:06:06'),
	(778, 1, 1, 'TPBIG', '2025-04-07', '2025-02-17', 'LFPSR', 1, 'csv', 'YXWXM', NULL, NULL, '2025-08-20 16:06:06', '2025-08-20 16:06:06'),
	(779, 1, 1, 'UZOMF', '2025-05-23', '2025-03-17', 'JDLDM', 1, 'csv', 'CUMTV', NULL, NULL, '2025-08-20 16:06:06', '2025-08-20 16:06:06'),
	(780, 1, 1, 'REMUI', '2025-04-22', '2025-06-02', 'YVCDE', 1, 'csv', 'NQUGI', NULL, NULL, '2025-08-20 16:06:06', '2025-08-20 16:06:06'),
	(781, 1, 1, 'QBQKT', '2025-01-22', '2025-06-15', 'XCQFH', 1, 'pdf', 'TUWCP', NULL, NULL, '2025-08-20 16:06:06', '2025-08-20 16:06:06'),
	(782, 1, 1, 'DUPLK', '2025-03-04', '2025-04-12', 'TKKZD', 3, 'xlsx', 'CUGEL', NULL, NULL, '2025-08-20 16:06:06', '2025-08-20 16:06:06'),
	(783, 1, 1, 'AIOPN', '2025-05-23', '2025-02-25', 'NUBSI', 2, 'csv', 'XMJSM', NULL, NULL, '2025-08-20 16:06:06', '2025-08-20 16:06:06'),
	(784, 1, 1, 'VYTLB', '2025-08-02', '2025-07-01', 'ZKWSD', 3, 'csv', 'XGPVY', NULL, NULL, '2025-08-20 16:06:06', '2025-08-20 16:06:06'),
	(785, 1, 1, 'FRLIY', '2025-07-22', '2025-06-29', 'BIZYB', 1, 'pdf', 'MOXHC', NULL, NULL, '2025-08-20 16:06:06', '2025-08-20 16:06:06'),
	(786, 1, 1, 'HVUST', '2025-08-07', '2025-01-04', 'EFMWT', 1, 'pdf', 'RSAVW', NULL, NULL, '2025-08-20 16:06:06', '2025-08-20 16:06:06'),
	(787, 1, 1, 'IWPPG', '2025-07-25', '2025-03-04', 'YIGIU', 1, 'csv', 'XIVWF', NULL, NULL, '2025-08-20 16:06:06', '2025-08-20 16:06:06'),
	(788, 1, 1, 'KZUST', '2025-02-07', '2025-04-17', 'DHLWX', 1, 'pdf', 'NQZPH', NULL, NULL, '2025-08-20 16:06:06', '2025-08-20 16:06:06'),
	(789, 1, 1, 'AVVUV', '2025-03-20', '2025-08-01', 'YMICQ', 2, 'docx', 'UYBTX', NULL, NULL, '2025-08-20 16:06:06', '2025-08-20 16:06:06'),
	(790, 1, 1, 'ZDMEP', '2025-07-29', '2025-06-03', 'KOJKQ', 1, 'docx', 'AZJAB', NULL, NULL, '2025-08-20 16:06:06', '2025-08-20 16:06:06'),
	(791, 1, 1, 'OFWLA', '2025-06-26', '2025-07-23', 'LKDJO', 1, 'csv', 'TNLCR', NULL, NULL, '2025-08-20 16:06:06', '2025-08-20 16:06:06'),
	(792, 1, 1, 'NMJUK', '2025-05-01', '2025-03-12', 'LCKOH', 3, 'pdf', 'THXZZ', NULL, NULL, '2025-08-20 16:06:06', '2025-08-20 16:06:06'),
	(793, 1, 1, 'ESNRR', '2025-07-08', '2025-04-23', 'LFYPV', 3, 'csv', 'QHPEE', NULL, NULL, '2025-08-20 16:06:06', '2025-08-20 16:06:06'),
	(794, 1, 1, 'IOHLW', '2025-02-28', '2025-08-02', 'TCBYY', 2, 'docx', 'HURYX', NULL, NULL, '2025-08-20 16:06:06', '2025-08-20 16:06:06'),
	(795, 1, 1, 'GBXZO', '2025-02-20', '2025-05-06', 'SHSNZ', 3, 'xlsx', 'ZSQDO', NULL, NULL, '2025-08-20 16:06:06', '2025-08-20 16:06:06'),
	(796, 1, 1, 'DMEWG', '2025-05-14', '2025-05-28', 'ICTPE', 2, 'docx', 'AQMFQ', NULL, NULL, '2025-08-20 16:06:06', '2025-08-20 16:06:06'),
	(797, 1, 1, 'DIOMB', '2025-03-27', '2025-03-31', 'GLZTY', 2, 'pdf', 'QHBAZ', NULL, NULL, '2025-08-20 16:06:06', '2025-08-20 16:06:06'),
	(798, 1, 1, 'ADZYC', '2025-04-12', '2025-06-25', 'QPJUF', 1, 'docx', 'WJOSK', NULL, NULL, '2025-08-20 16:06:06', '2025-08-20 16:06:06'),
	(799, 1, 1, 'LXKRT', '2025-02-24', '2025-03-08', 'SXZPO', 3, 'csv', 'IHPEA', NULL, NULL, '2025-08-20 16:06:06', '2025-08-20 16:06:06'),
	(800, 1, 1, 'SYVBO', '2025-04-19', '2025-04-16', 'ULOSP', 2, 'xlsx', 'DWOZF', NULL, NULL, '2025-08-20 16:06:06', '2025-08-20 16:06:06'),
	(801, 1, 1, 'QKLIN', '2025-03-02', '2025-05-17', 'ARNLX', 2, 'docx', 'AXNNQ', NULL, NULL, '2025-08-20 16:06:06', '2025-08-20 16:06:06'),
	(802, 1, 1, 'NZAAG', '2025-02-22', '2025-07-01', 'BMUWL', 3, 'xlsx', 'FJYJR', NULL, NULL, '2025-08-20 16:06:06', '2025-08-20 16:06:06'),
	(803, 1, 1, 'DSZXZ', '2025-01-29', '2025-01-19', 'XONSZ', 2, 'docx', 'DNBYZ', NULL, NULL, '2025-08-20 16:06:06', '2025-08-20 16:06:06'),
	(804, 1, 1, 'QNGCN', '2025-01-06', '2025-06-22', 'CVTNP', 1, 'csv', 'IAADL', NULL, NULL, '2025-08-20 16:06:06', '2025-08-20 16:06:06'),
	(805, 1, 1, 'GBDJB', '2025-01-31', '2025-02-04', 'XREUP', 2, 'pdf', 'YJBYB', NULL, NULL, '2025-08-20 16:06:06', '2025-08-20 16:06:06'),
	(806, 1, 1, 'MMOWR', '2025-08-08', '2025-02-25', 'ZYNPL', 1, 'pdf', 'NECAT', NULL, NULL, '2025-08-20 16:06:06', '2025-08-20 16:06:06'),
	(807, 1, 1, 'SQFUB', '2025-08-01', '2025-04-16', 'KRBMU', 1, 'pdf', 'TGHGL', NULL, NULL, '2025-08-20 16:06:06', '2025-08-20 16:06:06'),
	(808, 1, 1, 'AXCGO', '2025-07-11', '2025-01-31', 'VOUIJ', 3, 'pdf', 'ECUTS', NULL, NULL, '2025-08-20 16:06:06', '2025-08-20 16:06:06'),
	(809, 1, 1, 'ZMFCY', '2025-03-20', '2025-05-01', 'GRTEE', 2, 'docx', 'PGEAV', NULL, NULL, '2025-08-20 16:06:06', '2025-08-20 16:06:06'),
	(810, 1, 1, 'VYMMH', '2025-06-28', '2025-04-01', 'TVOAY', 2, 'docx', 'ILNOJ', NULL, NULL, '2025-08-20 16:06:06', '2025-08-20 16:06:06'),
	(811, 1, 1, 'PKEXX', '2025-03-28', '2025-05-22', 'RVJYO', 2, 'pdf', 'BHHKI', NULL, NULL, '2025-08-20 16:06:06', '2025-08-20 16:06:06'),
	(812, 1, 1, 'ODYUE', '2025-03-07', '2025-03-30', 'NRMDZ', 1, 'csv', 'PSNKB', NULL, NULL, '2025-08-20 16:06:06', '2025-08-20 16:06:06'),
	(813, 1, 1, 'AIVEB', '2025-04-08', '2025-05-05', 'XVHAK', 1, 'pdf', 'DVRFQ', NULL, NULL, '2025-08-20 16:06:06', '2025-08-20 16:06:06'),
	(814, 1, 1, 'APJEV', '2025-03-11', '2025-02-11', 'CIMFC', 2, 'pdf', 'TYBYY', NULL, NULL, '2025-08-20 16:06:06', '2025-08-20 16:06:06'),
	(815, 1, 1, 'LZSMI', '2025-05-11', '2025-08-06', 'MUPYK', 2, 'docx', 'SGBHD', NULL, NULL, '2025-08-20 16:06:06', '2025-08-20 16:06:06'),
	(816, 1, 1, 'PUELI', '2025-06-04', '2025-06-03', 'MAJFZ', 3, 'csv', 'PRDER', NULL, NULL, '2025-08-20 16:06:06', '2025-08-20 16:06:06'),
	(817, 1, 1, 'TLUDL', '2025-04-04', '2025-04-06', 'YDHWR', 2, 'docx', 'QXWIE', NULL, NULL, '2025-08-20 16:06:06', '2025-08-20 16:06:06'),
	(818, 1, 1, 'FXVIY', '2025-08-04', '2025-08-04', 'GXCOM', 2, 'pdf', 'PXTTO', NULL, NULL, '2025-08-20 16:06:06', '2025-08-20 16:06:06'),
	(819, 1, 1, 'WXFHZ', '2025-03-20', '2025-07-15', 'WMJOD', 3, 'csv', 'JIBSL', NULL, NULL, '2025-08-20 16:06:06', '2025-08-20 16:06:06'),
	(820, 1, 1, 'TOUVB', '2025-05-20', '2025-08-08', 'XWXIM', 1, 'xlsx', 'BRTJW', NULL, NULL, '2025-08-20 16:06:06', '2025-08-20 16:06:06'),
	(821, 1, 1, 'CDMUE', '2025-08-17', '2025-06-06', 'DSJCP', 1, 'xlsx', 'NMSNU', NULL, NULL, '2025-08-20 16:06:06', '2025-08-20 16:06:06'),
	(822, 1, 1, 'NXJUY', '2025-04-21', '2025-01-02', 'ESWNN', 1, 'csv', 'SVCVA', NULL, NULL, '2025-08-20 16:06:06', '2025-08-20 16:06:06'),
	(823, 1, 1, 'RLKVI', '2025-01-25', '2025-04-11', 'TOXWK', 3, 'pdf', 'UCETW', NULL, NULL, '2025-08-20 16:06:06', '2025-08-20 16:06:06'),
	(824, 1, 1, 'RAHWC', '2025-08-16', '2025-05-05', 'PNQGZ', 1, 'xlsx', 'VLJOE', NULL, NULL, '2025-08-20 16:06:06', '2025-08-20 16:06:06'),
	(825, 1, 1, 'KPYSF', '2025-08-17', '2025-07-06', 'SWFZI', 2, 'docx', 'ADBDU', NULL, NULL, '2025-08-20 16:06:06', '2025-08-20 16:06:06'),
	(826, 1, 1, 'MEXPR', '2025-02-09', '2025-05-30', 'KKUHT', 1, 'docx', 'EQIEB', NULL, NULL, '2025-08-20 16:06:06', '2025-08-20 16:06:06'),
	(827, 1, 1, 'VDDBJ', '2025-07-06', '2025-02-05', 'RWDOF', 2, 'pdf', 'HMETW', NULL, NULL, '2025-08-20 16:06:06', '2025-08-20 16:06:06'),
	(828, 1, 1, 'CGXDB', '2025-02-05', '2025-08-08', 'RPKTD', 2, 'pdf', 'MHFKS', NULL, NULL, '2025-08-20 16:06:06', '2025-08-20 16:06:06'),
	(829, 1, 1, 'SFVXX', '2025-08-02', '2025-01-11', 'PFLPC', 1, 'pdf', 'OZNGD', NULL, NULL, '2025-08-20 16:06:06', '2025-08-20 16:06:06'),
	(830, 1, 1, 'IMTTB', '2025-05-25', '2025-04-09', 'GZCII', 2, 'docx', 'TMLDK', NULL, NULL, '2025-08-20 16:06:06', '2025-08-20 16:06:06'),
	(831, 1, 1, 'WTKGO', '2025-06-18', '2025-07-07', 'TDRQL', 3, 'pdf', 'HVBCV', NULL, NULL, '2025-08-20 16:06:06', '2025-08-20 16:06:06'),
	(832, 1, 1, 'ANKDI', '2025-06-04', '2025-04-10', 'TIDRH', 1, 'docx', 'TTUYR', NULL, NULL, '2025-08-20 16:06:06', '2025-08-20 16:06:06'),
	(833, 1, 1, 'UGMUU', '2025-01-06', '2025-06-26', 'SXRPP', 2, 'pdf', 'JPDDQ', NULL, NULL, '2025-08-20 16:06:06', '2025-08-20 16:06:06'),
	(834, 1, 1, 'MEEJD', '2025-01-26', '2025-02-12', 'PJBDB', 2, 'pdf', 'JNHJZ', NULL, NULL, '2025-08-20 16:06:06', '2025-08-20 16:06:06'),
	(835, 1, 1, 'YIPYP', '2025-06-14', '2025-04-01', 'NLRTP', 2, 'docx', 'YAQYF', NULL, NULL, '2025-08-20 16:06:06', '2025-08-20 16:06:06'),
	(836, 1, 1, 'NQRPT', '2025-05-15', '2025-04-27', 'PYTKH', 3, 'docx', 'TNGWH', NULL, NULL, '2025-08-20 16:06:06', '2025-08-20 16:06:06'),
	(837, 1, 1, 'NPBYC', '2025-05-03', '2025-01-27', 'WYFVZ', 2, 'xlsx', 'LQUBX', NULL, NULL, '2025-08-20 16:06:06', '2025-08-20 16:06:06'),
	(838, 1, 1, 'PPZBO', '2025-08-08', '2025-07-03', 'CSXQJ', 2, 'docx', 'DEWZD', NULL, NULL, '2025-08-20 16:06:06', '2025-08-20 16:06:06'),
	(839, 1, 1, 'BPBHG', '2025-03-08', '2025-01-17', 'SCIWB', 3, 'docx', 'MRSXV', NULL, NULL, '2025-08-20 16:06:06', '2025-08-20 16:06:06'),
	(840, 1, 1, 'YUJOR', '2025-07-29', '2025-04-30', 'UTHHE', 2, 'csv', 'SYHYK', NULL, NULL, '2025-08-20 16:06:06', '2025-08-20 16:06:06'),
	(841, 1, 1, 'ISFWN', '2025-07-17', '2025-06-16', 'IVEMO', 2, 'csv', 'BGCJL', NULL, NULL, '2025-08-20 16:06:06', '2025-08-20 16:06:06'),
	(842, 1, 1, 'HTWAG', '2025-02-14', '2025-01-19', 'QFNQU', 3, 'xlsx', 'YUVXJ', NULL, NULL, '2025-08-20 16:06:06', '2025-08-20 16:06:06'),
	(843, 1, 1, 'UUSBM', '2025-07-07', '2025-03-26', 'SOEMM', 3, 'docx', 'EXDDT', NULL, NULL, '2025-08-20 16:06:06', '2025-08-20 16:06:06'),
	(844, 1, 1, 'TOIBW', '2025-03-20', '2025-08-12', 'DQPNK', 1, 'csv', 'ZVYHG', NULL, NULL, '2025-08-20 16:06:06', '2025-08-20 16:06:06'),
	(845, 1, 1, 'BSLCK', '2025-02-18', '2025-08-16', 'OSEXQ', 3, 'docx', 'XDIEJ', NULL, NULL, '2025-08-20 16:06:06', '2025-08-20 16:06:06'),
	(846, 1, 1, 'XSBOW', '2025-04-17', '2025-04-17', 'QDXKR', 3, 'csv', 'EMDMK', NULL, NULL, '2025-08-20 16:06:06', '2025-08-20 16:06:06'),
	(847, 1, 1, 'VFGGR', '2025-02-24', '2025-05-16', 'PBZGE', 2, 'pdf', 'RWDCN', NULL, NULL, '2025-08-20 16:06:06', '2025-08-20 16:06:06'),
	(848, 1, 1, 'ELPTX', '2025-01-23', '2025-01-06', 'ZHQYE', 2, 'xlsx', 'ASRPP', NULL, NULL, '2025-08-20 16:06:06', '2025-08-20 16:06:06'),
	(849, 1, 1, 'QAFAJ', '2025-03-18', '2025-07-14', 'VQUUV', 1, 'pdf', 'CYXAO', NULL, NULL, '2025-08-20 16:06:06', '2025-08-20 16:06:06'),
	(850, 1, 1, 'KKIKS', '2025-02-11', '2025-03-02', 'JUHQY', 2, 'csv', 'TLXAN', NULL, NULL, '2025-08-20 16:06:06', '2025-08-20 16:06:06'),
	(851, 1, 1, 'TXNNJ', '2025-01-08', '2025-06-04', 'DWPHO', 1, 'docx', 'AHSZK', NULL, NULL, '2025-08-20 16:06:06', '2025-08-20 16:06:06'),
	(852, 1, 1, 'TNHCW', '2025-04-17', '2025-01-14', 'PZWRJ', 1, 'docx', 'MLIFN', NULL, NULL, '2025-08-20 16:06:06', '2025-08-20 16:06:06'),
	(853, 1, 1, 'QIGCI', '2025-04-17', '2025-03-13', 'JNDKG', 1, 'docx', 'GXUJT', NULL, NULL, '2025-08-20 16:06:06', '2025-08-20 16:06:06'),
	(854, 1, 1, 'YTFWE', '2025-08-10', '2025-06-06', 'TXZJR', 3, 'pdf', 'NUCXK', NULL, NULL, '2025-08-20 16:06:06', '2025-08-20 16:06:06'),
	(855, 1, 1, 'RMXPB', '2025-05-02', '2025-04-20', 'PDVCK', 2, 'csv', 'XAVYC', NULL, NULL, '2025-08-20 16:06:06', '2025-08-20 16:06:06'),
	(856, 1, 1, 'ZBKXL', '2025-04-03', '2025-08-02', 'FWWEH', 3, 'docx', 'BXYEX', NULL, NULL, '2025-08-20 16:06:06', '2025-08-20 16:06:06'),
	(857, 1, 1, 'QEXEK', '2025-01-16', '2025-06-11', 'JVGPY', 2, 'pdf', 'WZBRT', NULL, NULL, '2025-08-20 16:06:06', '2025-08-20 16:06:06'),
	(858, 1, 1, 'LXDJW', '2025-04-28', '2025-06-27', 'WAZNN', 2, 'pdf', 'NQDRO', NULL, NULL, '2025-08-20 16:06:06', '2025-08-20 16:06:06'),
	(859, 1, 1, 'VWTEG', '2025-07-24', '2025-02-05', 'BDHAV', 3, 'xlsx', 'AAOZS', NULL, NULL, '2025-08-20 16:06:06', '2025-08-20 16:06:06'),
	(860, 1, 1, 'IKFZH', '2025-07-04', '2025-04-11', 'WBAOY', 1, 'csv', 'OOGSV', NULL, NULL, '2025-08-20 16:06:06', '2025-08-20 16:06:06'),
	(861, 1, 1, 'DKSFG', '2025-03-14', '2025-03-24', 'WONYD', 1, 'pdf', 'WGJEW', NULL, NULL, '2025-08-20 16:06:06', '2025-08-20 16:06:06'),
	(862, 1, 1, 'WUVTT', '2025-01-24', '2025-05-07', 'ZPYJE', 1, 'xlsx', 'FSDBG', NULL, NULL, '2025-08-20 16:06:06', '2025-08-20 16:06:06'),
	(863, 1, 1, 'CBSJC', '2025-03-27', '2025-04-25', 'TTAFZ', 1, 'csv', 'FFNAO', NULL, NULL, '2025-08-20 16:06:06', '2025-08-20 16:06:06'),
	(864, 1, 1, 'AHHMN', '2025-05-01', '2025-06-21', 'MDRSR', 3, 'pdf', 'NQHND', NULL, NULL, '2025-08-20 16:06:06', '2025-08-20 16:06:06'),
	(865, 1, 1, 'METYT', '2025-04-12', '2025-05-20', 'IPNWF', 1, 'docx', 'NRMNJ', NULL, NULL, '2025-08-20 16:06:06', '2025-08-20 16:06:06'),
	(866, 1, 1, 'SFDIR', '2025-03-14', '2025-04-16', 'TVKOO', 3, 'csv', 'GFZIX', NULL, NULL, '2025-08-20 16:06:06', '2025-08-20 16:06:06'),
	(867, 1, 1, 'ZXEII', '2025-02-03', '2025-06-04', 'YPGWO', 3, 'pdf', 'VWXBO', NULL, NULL, '2025-08-20 16:06:06', '2025-08-20 16:06:06'),
	(868, 1, 1, 'FQFCO', '2025-04-23', '2025-07-21', 'LGLGJ', 1, 'pdf', 'ZLGCW', NULL, NULL, '2025-08-20 16:06:06', '2025-08-20 16:06:06'),
	(869, 1, 1, 'GMOVA', '2025-04-16', '2025-01-08', 'HWARL', 3, 'docx', 'QVYQA', NULL, NULL, '2025-08-20 16:06:06', '2025-08-20 16:06:06'),
	(870, 1, 1, 'AFBXL', '2025-03-24', '2025-03-07', 'PUHQC', 3, 'xlsx', 'IKMOC', NULL, NULL, '2025-08-20 16:06:06', '2025-08-20 16:06:06'),
	(871, 1, 1, 'ZCDCV', '2025-04-30', '2025-01-04', 'LBOUZ', 2, 'csv', 'XOUTO', NULL, NULL, '2025-08-20 16:06:06', '2025-08-20 16:06:06'),
	(872, 1, 1, 'OQKBF', '2025-07-24', '2025-06-09', 'YJRNC', 1, 'xlsx', 'UGSKL', NULL, NULL, '2025-08-20 16:06:06', '2025-08-20 16:06:06'),
	(873, 1, 1, 'VADQC', '2025-08-13', '2025-07-03', 'OMSWX', 3, 'docx', 'EWADK', NULL, NULL, '2025-08-20 16:06:06', '2025-08-20 16:06:06'),
	(874, 1, 1, 'XPBYV', '2025-06-26', '2025-02-28', 'CSFKD', 3, 'docx', 'KWMNA', NULL, NULL, '2025-08-20 16:06:06', '2025-08-20 16:06:06'),
	(875, 1, 1, 'OVHBW', '2025-08-13', '2025-06-11', 'AOGYJ', 2, 'docx', 'VLSMF', NULL, NULL, '2025-08-20 16:06:06', '2025-08-20 16:06:06'),
	(876, 1, 1, 'MXZBW', '2025-02-07', '2025-05-26', 'JJMDL', 2, 'xlsx', 'IHPBU', NULL, NULL, '2025-08-20 16:06:06', '2025-08-20 16:06:06'),
	(877, 1, 1, 'WSCWP', '2025-01-08', '2025-02-02', 'MVXNF', 1, 'xlsx', 'JEVQI', NULL, NULL, '2025-08-20 16:06:06', '2025-08-20 16:06:06'),
	(878, 1, 1, 'HZYYV', '2025-07-21', '2025-02-08', 'XIMQE', 3, 'xlsx', 'DJAPJ', NULL, NULL, '2025-08-20 16:06:06', '2025-08-20 16:06:06'),
	(879, 1, 1, 'WPULT', '2025-04-25', '2025-08-09', 'SFDDW', 3, 'csv', 'LCTOQ', NULL, NULL, '2025-08-20 16:06:06', '2025-08-20 16:06:06'),
	(880, 1, 1, 'SFLGL', '2025-08-03', '2025-05-12', 'PWVAI', 3, 'pdf', 'PUFYK', NULL, NULL, '2025-08-20 16:06:06', '2025-08-20 16:06:06'),
	(881, 1, 1, 'YBOSE', '2025-01-19', '2025-06-29', 'PNOFX', 3, 'docx', 'CBOAB', NULL, NULL, '2025-08-20 16:06:06', '2025-08-20 16:06:06'),
	(882, 1, 1, 'NFOHD', '2025-02-14', '2025-08-17', 'ZTCKL', 2, 'docx', 'LGKRR', NULL, NULL, '2025-08-20 16:06:06', '2025-08-20 16:06:06'),
	(883, 1, 1, 'HXMNM', '2025-06-25', '2025-07-12', 'COPWQ', 3, 'docx', 'OCTDF', NULL, NULL, '2025-08-20 16:06:06', '2025-08-20 16:06:06'),
	(884, 1, 1, 'ZUFLP', '2025-02-13', '2025-04-30', 'VISBD', 2, 'docx', 'QFWWY', NULL, NULL, '2025-08-20 16:06:06', '2025-08-20 16:06:06'),
	(885, 1, 1, 'LESYM', '2025-03-12', '2025-06-02', 'KKMFI', 1, 'csv', 'DBHGK', NULL, NULL, '2025-08-20 16:06:06', '2025-08-20 16:06:06'),
	(886, 1, 1, 'PUEEV', '2025-04-24', '2025-08-16', 'QQGED', 3, 'csv', 'PQUZH', NULL, NULL, '2025-08-20 16:06:06', '2025-08-20 16:06:06'),
	(887, 1, 1, 'PNVGN', '2025-07-18', '2025-01-01', 'QXQAJ', 2, 'csv', 'RCASA', NULL, NULL, '2025-08-20 16:06:06', '2025-08-20 16:06:06'),
	(888, 1, 1, 'KWWCO', '2025-02-11', '2025-05-27', 'KLYMV', 1, 'pdf', 'RSCLY', NULL, NULL, '2025-08-20 16:06:06', '2025-08-20 16:06:06'),
	(889, 1, 1, 'YLGII', '2025-04-24', '2025-07-11', 'VSUVK', 2, 'pdf', 'RUKKR', NULL, NULL, '2025-08-20 16:06:06', '2025-08-20 16:06:06'),
	(890, 1, 1, 'LEHSJ', '2025-07-28', '2025-01-09', 'JNTKY', 1, 'xlsx', 'EHIRL', NULL, NULL, '2025-08-20 16:06:06', '2025-08-20 16:06:06'),
	(891, 1, 1, 'VTPLS', '2025-05-14', '2025-03-22', 'WPUOC', 1, 'xlsx', 'FBOAZ', NULL, NULL, '2025-08-20 16:06:06', '2025-08-20 16:06:06'),
	(892, 1, 1, 'URVPD', '2025-04-24', '2025-07-24', 'BVWRM', 3, 'csv', 'TLBBA', NULL, NULL, '2025-08-20 16:06:06', '2025-08-20 16:06:06'),
	(893, 1, 1, 'PRGIC', '2025-01-20', '2025-05-22', 'OBQMB', 2, 'xlsx', 'LBKGF', NULL, NULL, '2025-08-20 16:06:06', '2025-08-20 16:06:06'),
	(894, 1, 1, 'FMUZO', '2025-05-21', '2025-01-07', 'XSBEU', 2, 'xlsx', 'ONCTB', NULL, NULL, '2025-08-20 16:06:06', '2025-08-20 16:06:06'),
	(895, 1, 1, 'JIDTI', '2025-01-27', '2025-05-09', 'PFIOM', 1, 'csv', 'PMRTJ', NULL, NULL, '2025-08-20 16:06:06', '2025-08-20 16:06:06'),
	(896, 1, 1, 'DZUYW', '2025-07-03', '2025-05-05', 'LHKSO', 1, 'xlsx', 'ZXSAW', NULL, NULL, '2025-08-20 16:06:06', '2025-08-20 16:06:06'),
	(897, 1, 1, 'SHRNC', '2025-06-22', '2025-06-17', 'IUKKY', 3, 'xlsx', 'EDJEU', NULL, NULL, '2025-08-20 16:06:06', '2025-08-20 16:06:06'),
	(898, 1, 1, 'XGKPV', '2025-03-27', '2025-07-11', 'VWHRN', 2, 'csv', 'GPHEN', NULL, NULL, '2025-08-20 16:06:06', '2025-08-20 16:06:06'),
	(899, 1, 1, 'MVSME', '2025-03-28', '2025-06-01', 'FWWBK', 3, 'xlsx', 'TCHYS', NULL, NULL, '2025-08-20 16:06:06', '2025-08-20 16:06:06'),
	(900, 1, 1, 'GWNJT', '2025-07-07', '2025-05-31', 'KMEJQ', 2, 'xlsx', 'CMNDO', NULL, NULL, '2025-08-20 16:06:06', '2025-08-20 16:06:06'),
	(901, 1, 1, 'NVMIF', '2025-06-11', '2025-08-03', 'IBVBP', 1, 'docx', 'MEDCP', NULL, NULL, '2025-08-20 16:06:06', '2025-08-20 16:06:06'),
	(902, 1, 1, 'BQCFQ', '2025-05-11', '2025-01-09', 'QCDHF', 2, 'xlsx', 'PYZLU', NULL, NULL, '2025-08-20 16:06:06', '2025-08-20 16:06:06'),
	(903, 1, 1, 'LJPXZ', '2025-06-29', '2025-05-24', 'JYJRU', 3, 'csv', 'UUHXV', NULL, NULL, '2025-08-20 16:06:06', '2025-08-20 16:06:06'),
	(904, 1, 1, 'RZTZK', '2025-06-17', '2025-03-12', 'SWTJS', 1, 'docx', 'QXSIC', NULL, NULL, '2025-08-20 16:06:06', '2025-08-20 16:06:06'),
	(905, 1, 1, 'HCDCE', '2025-06-05', '2025-07-02', 'LIDVQ', 2, 'xlsx', 'CYJJD', NULL, NULL, '2025-08-20 16:06:06', '2025-08-20 16:06:06'),
	(906, 1, 1, 'WGNTV', '2025-07-19', '2025-07-01', 'YMMCP', 1, 'pdf', 'NHZJT', NULL, NULL, '2025-08-20 16:06:06', '2025-08-20 16:06:06'),
	(907, 1, 1, 'YBRBU', '2025-06-19', '2025-02-21', 'YCTXO', 1, 'csv', 'OWQXJ', NULL, NULL, '2025-08-20 16:06:06', '2025-08-20 16:06:06'),
	(908, 1, 1, 'SPUXN', '2025-06-01', '2025-04-25', 'YKQSK', 1, 'docx', 'FDFLJ', NULL, NULL, '2025-08-20 16:06:06', '2025-08-20 16:06:06'),
	(909, 1, 1, 'NTJNX', '2025-05-22', '2025-05-12', 'FFOEK', 1, 'xlsx', 'LXCUS', NULL, NULL, '2025-08-20 16:06:06', '2025-08-20 16:06:06'),
	(910, 1, 1, 'VRHKD', '2025-05-17', '2025-07-18', 'VMDRR', 3, 'csv', 'EEPSQ', NULL, NULL, '2025-08-20 16:06:06', '2025-08-20 16:06:06'),
	(911, 1, 1, 'JPTYC', '2025-05-20', '2025-08-06', 'RWNBV', 2, 'xlsx', 'VQFPT', NULL, NULL, '2025-08-20 16:06:06', '2025-08-20 16:06:06'),
	(912, 1, 1, 'DJENU', '2025-07-05', '2025-07-22', 'TIQQD', 1, 'csv', 'BFRAL', NULL, NULL, '2025-08-20 16:06:06', '2025-08-20 16:06:06'),
	(913, 1, 1, 'OZXFP', '2025-06-14', '2025-06-03', 'BCFNN', 2, 'docx', 'NIONT', NULL, NULL, '2025-08-20 16:06:06', '2025-08-20 16:06:06'),
	(914, 1, 1, 'OQIHE', '2025-03-13', '2025-01-16', 'OSYNQ', 3, 'csv', 'NUNKZ', NULL, NULL, '2025-08-20 16:06:06', '2025-08-20 16:06:06'),
	(915, 1, 1, 'LLAWU', '2025-07-11', '2025-05-25', 'USEJH', 3, 'csv', 'MOFGG', NULL, NULL, '2025-08-20 16:06:06', '2025-08-20 16:06:06'),
	(916, 1, 1, 'ALIQA', '2025-05-02', '2025-02-26', 'PJGAC', 1, 'csv', 'SOOEN', NULL, NULL, '2025-08-20 16:06:06', '2025-08-20 16:06:06'),
	(917, 1, 1, 'FSOYW', '2025-05-18', '2025-07-13', 'KHGPK', 3, 'docx', 'PTQBH', NULL, NULL, '2025-08-20 16:06:06', '2025-08-20 16:06:06'),
	(918, 1, 1, 'JXJNM', '2025-07-29', '2025-04-19', 'BQSMO', 3, 'docx', 'AUDWM', NULL, NULL, '2025-08-20 16:06:06', '2025-08-20 16:06:06'),
	(919, 1, 1, 'WENCC', '2025-04-06', '2025-07-20', 'HHHTG', 2, 'pdf', 'PQGPH', NULL, NULL, '2025-08-20 16:06:06', '2025-08-20 16:06:06'),
	(920, 1, 1, 'AZZQB', '2025-07-16', '2025-05-26', 'EVVNA', 3, 'csv', 'WKDYT', NULL, NULL, '2025-08-20 16:06:06', '2025-08-20 16:06:06'),
	(921, 1, 1, 'KHIGX', '2025-05-18', '2025-07-29', 'XRTYE', 2, 'pdf', 'WIFET', NULL, NULL, '2025-08-20 16:06:06', '2025-08-20 16:06:06'),
	(922, 1, 1, 'JGXYC', '2025-02-27', '2025-08-09', 'PGWOI', 2, 'xlsx', 'DVMAD', NULL, NULL, '2025-08-20 16:06:06', '2025-08-20 16:06:06'),
	(923, 1, 1, 'PHQBZ', '2025-06-14', '2025-01-19', 'JCNZI', 2, 'docx', 'IYHVE', NULL, NULL, '2025-08-20 16:06:06', '2025-08-20 16:06:06'),
	(924, 1, 1, 'KVVQH', '2025-04-26', '2025-02-25', 'HBPFV', 2, 'docx', 'VUJZX', NULL, NULL, '2025-08-20 16:06:06', '2025-08-20 16:06:06'),
	(925, 1, 1, 'VDVVB', '2025-04-22', '2025-04-11', 'WYAHH', 3, 'docx', 'EWYQZ', NULL, NULL, '2025-08-20 16:06:06', '2025-08-20 16:06:06'),
	(926, 1, 1, 'UGGOV', '2025-05-25', '2025-07-21', 'JAELR', 2, 'csv', 'ZXMIU', NULL, NULL, '2025-08-20 16:06:06', '2025-08-20 16:06:06'),
	(927, 1, 1, 'OGOZG', '2025-07-26', '2025-07-24', 'TZCVQ', 3, 'pdf', 'SLAFP', NULL, NULL, '2025-08-20 16:06:06', '2025-08-20 16:06:06'),
	(928, 1, 1, 'UGLJR', '2025-03-15', '2025-04-01', 'GZODS', 3, 'xlsx', 'KBJIX', NULL, NULL, '2025-08-20 16:06:06', '2025-08-20 16:06:06'),
	(929, 1, 1, 'AJXUU', '2025-07-07', '2025-06-04', 'TGJKC', 3, 'xlsx', 'GKZUN', NULL, NULL, '2025-08-20 16:06:06', '2025-08-20 16:06:06'),
	(930, 1, 1, 'AOLIO', '2025-06-14', '2025-01-12', 'MBVKR', 1, 'csv', 'VCMIO', NULL, NULL, '2025-08-20 16:06:06', '2025-08-20 16:06:06'),
	(931, 1, 1, 'CNEUF', '2025-04-10', '2025-02-06', 'GPRGO', 2, 'pdf', 'ISHBC', NULL, NULL, '2025-08-20 16:06:06', '2025-08-20 16:06:06'),
	(932, 1, 1, 'GVXUE', '2025-04-25', '2025-01-11', 'UMXBH', 3, 'docx', 'GVZBS', NULL, NULL, '2025-08-20 16:06:06', '2025-08-20 16:06:06'),
	(933, 1, 1, 'JJLMY', '2025-01-12', '2025-02-18', 'XBBQH', 1, 'csv', 'FGNNQ', NULL, NULL, '2025-08-20 16:06:06', '2025-08-20 16:06:06'),
	(934, 1, 1, 'CFRQI', '2025-07-29', '2025-01-02', 'BSJKZ', 1, 'pdf', 'ACLJO', NULL, NULL, '2025-08-20 16:06:06', '2025-08-20 16:06:06'),
	(935, 1, 1, 'VUMQG', '2025-01-21', '2025-05-12', 'NWIBP', 3, 'xlsx', 'ZKLQB', NULL, NULL, '2025-08-20 16:06:06', '2025-08-20 16:06:06'),
	(936, 1, 1, 'XKEVO', '2025-01-26', '2025-05-06', 'KUFFL', 1, 'csv', 'QRXBM', NULL, NULL, '2025-08-20 16:06:06', '2025-08-20 16:06:06'),
	(937, 1, 1, 'NCXNA', '2025-02-07', '2025-07-08', 'FGMMS', 1, 'xlsx', 'RKIVV', NULL, NULL, '2025-08-20 16:06:06', '2025-08-20 16:06:06'),
	(938, 1, 1, 'HDGEZ', '2025-06-26', '2025-08-19', 'ZHDWD', 1, 'csv', 'HLIZH', NULL, NULL, '2025-08-20 16:06:06', '2025-08-20 16:06:06'),
	(939, 1, 1, 'DRHAW', '2025-08-10', '2025-01-27', 'KKCQL', 2, 'csv', 'CATRA', NULL, NULL, '2025-08-20 16:06:06', '2025-08-20 16:06:06'),
	(940, 1, 1, 'VUZEL', '2025-05-10', '2025-05-23', 'YYXHS', 2, 'csv', 'ZTGIQ', NULL, NULL, '2025-08-20 16:06:06', '2025-08-20 16:06:06'),
	(941, 1, 1, 'OVDHT', '2025-05-30', '2025-03-01', 'HWMFY', 2, 'csv', 'RRAAD', NULL, NULL, '2025-08-20 16:06:06', '2025-08-20 16:06:06'),
	(942, 1, 1, 'OFNED', '2025-06-18', '2025-03-06', 'DVJUO', 3, 'csv', 'OQMFR', NULL, NULL, '2025-08-20 16:06:06', '2025-08-20 16:06:06'),
	(943, 1, 1, 'XQBDM', '2025-04-24', '2025-04-04', 'BPLHS', 3, 'pdf', 'MLTMG', NULL, NULL, '2025-08-20 16:06:06', '2025-08-20 16:06:06'),
	(944, 1, 1, 'ISDJR', '2025-01-20', '2025-06-01', 'SFPXZ', 3, 'csv', 'KJREM', NULL, NULL, '2025-08-20 16:06:06', '2025-08-20 16:06:06'),
	(945, 1, 1, 'YRCRM', '2025-02-22', '2025-06-24', 'CDXEK', 3, 'pdf', 'SZXFS', NULL, NULL, '2025-08-20 16:06:06', '2025-08-20 16:06:06'),
	(946, 1, 1, 'XLZYV', '2025-04-26', '2025-05-16', 'SDJXY', 3, 'xlsx', 'IRHUL', NULL, NULL, '2025-08-20 16:06:06', '2025-08-20 16:06:06'),
	(947, 1, 1, 'NJVSG', '2025-07-03', '2025-07-29', 'JMAPJ', 2, 'csv', 'DWNNU', NULL, NULL, '2025-08-20 16:06:06', '2025-08-20 16:06:06'),
	(948, 1, 1, 'BKRQY', '2025-05-16', '2025-06-18', 'FGKFD', 3, 'xlsx', 'CFDOA', NULL, NULL, '2025-08-20 16:06:06', '2025-08-20 16:06:06'),
	(949, 1, 1, 'TYXNO', '2025-05-24', '2025-05-25', 'KADBY', 3, 'csv', 'FRAVJ', NULL, NULL, '2025-08-20 16:06:06', '2025-08-20 16:06:06'),
	(950, 1, 1, 'FURBK', '2025-03-18', '2025-02-01', 'EAQEM', 1, 'csv', 'NYVGQ', NULL, NULL, '2025-08-20 16:06:06', '2025-08-20 16:06:06'),
	(951, 1, 1, 'WYXCT', '2025-03-01', '2025-03-08', 'LRSEQ', 1, 'csv', 'WXUUX', NULL, NULL, '2025-08-20 16:06:06', '2025-08-20 16:06:06'),
	(952, 1, 1, 'YJMIC', '2025-03-15', '2025-02-09', 'GFGKY', 1, 'csv', 'ZSHXK', NULL, NULL, '2025-08-20 16:06:06', '2025-08-20 16:06:06'),
	(953, 1, 1, 'DPFRZ', '2025-04-28', '2025-04-23', 'YBWNO', 3, 'docx', 'AOAWZ', NULL, NULL, '2025-08-20 16:06:06', '2025-08-20 16:06:06'),
	(954, 1, 1, 'WXCJY', '2025-03-10', '2025-07-19', 'HRDIC', 2, 'pdf', 'SVLJB', NULL, NULL, '2025-08-20 16:06:06', '2025-08-20 16:06:06'),
	(955, 1, 1, 'SRLAD', '2025-04-29', '2025-07-05', 'FWWPS', 3, 'xlsx', 'NKYVM', NULL, NULL, '2025-08-20 16:06:06', '2025-08-20 16:06:06'),
	(956, 1, 1, 'PUWYU', '2025-08-03', '2025-04-18', 'THNJQ', 3, 'csv', 'FWJQU', NULL, NULL, '2025-08-20 16:06:06', '2025-08-20 16:06:06'),
	(957, 1, 1, 'OQVYA', '2025-03-21', '2025-08-12', 'UOYCN', 1, 'csv', 'VIXDT', NULL, NULL, '2025-08-20 16:06:06', '2025-08-20 16:06:06'),
	(958, 1, 1, 'UJXKL', '2025-05-13', '2025-07-17', 'HGWWN', 3, 'csv', 'JCKTS', NULL, NULL, '2025-08-20 16:06:06', '2025-08-20 16:06:06'),
	(959, 1, 1, 'HVXOS', '2025-04-14', '2025-01-30', 'XSOMC', 3, 'xlsx', 'QXUGM', NULL, NULL, '2025-08-20 16:06:06', '2025-08-20 16:06:06'),
	(960, 1, 1, 'BKQGG', '2025-07-17', '2025-07-09', 'AEVLL', 2, 'docx', 'QBGAZ', NULL, NULL, '2025-08-20 16:06:06', '2025-08-20 16:06:06'),
	(961, 1, 1, 'ZJUZO', '2025-01-10', '2025-01-23', 'CYZJS', 3, 'pdf', 'IMEIQ', NULL, NULL, '2025-08-20 16:06:06', '2025-08-20 16:06:06'),
	(962, 1, 1, 'BHZRL', '2025-05-18', '2025-01-22', 'XSAPP', 3, 'docx', 'ICZYI', NULL, NULL, '2025-08-20 16:06:06', '2025-08-20 16:06:06'),
	(963, 1, 1, 'FISRF', '2025-01-06', '2025-03-15', 'NYPGF', 2, 'csv', 'FHVEK', NULL, NULL, '2025-08-20 16:06:06', '2025-08-20 16:06:06'),
	(964, 1, 1, 'VAOHT', '2025-01-04', '2025-07-12', 'BWOJY', 3, 'xlsx', 'XCHXW', NULL, NULL, '2025-08-20 16:06:06', '2025-08-20 16:06:06'),
	(965, 1, 1, 'CIFGQ', '2025-06-06', '2025-01-31', 'RAVLS', 3, 'xlsx', 'BJMRU', NULL, NULL, '2025-08-20 16:06:06', '2025-08-20 16:06:06'),
	(966, 1, 1, 'NARNH', '2025-01-30', '2025-01-31', 'LGVIT', 1, 'docx', 'RZWEN', NULL, NULL, '2025-08-20 16:06:06', '2025-08-20 16:06:06'),
	(967, 1, 1, 'CNFWH', '2025-06-24', '2025-02-25', 'CEAZW', 1, 'docx', 'ZBNZI', NULL, NULL, '2025-08-20 16:06:06', '2025-08-20 16:06:06'),
	(968, 1, 1, 'IBKOQ', '2025-08-05', '2025-03-26', 'OWSHS', 2, 'xlsx', 'SZWGT', NULL, NULL, '2025-08-20 16:06:06', '2025-08-20 16:06:06'),
	(969, 1, 1, 'SMWYV', '2025-07-07', '2025-02-13', 'BUPYH', 3, 'xlsx', 'IXXHA', NULL, NULL, '2025-08-20 16:06:06', '2025-08-20 16:06:06'),
	(970, 1, 1, 'THWPW', '2025-03-03', '2025-03-18', 'SPINZ', 3, 'docx', 'AMJAK', NULL, NULL, '2025-08-20 16:06:06', '2025-08-20 16:06:06'),
	(971, 1, 1, 'IGXUH', '2025-03-31', '2025-04-12', 'MPQIP', 1, 'csv', 'ITVFC', NULL, NULL, '2025-08-20 16:06:06', '2025-08-20 16:06:06'),
	(972, 1, 1, 'OQVVB', '2025-05-16', '2025-08-13', 'OWNPK', 1, 'xlsx', 'MNYMA', NULL, NULL, '2025-08-20 16:06:06', '2025-08-20 16:06:06'),
	(973, 1, 1, 'NHSKM', '2025-05-14', '2025-03-24', 'LASXS', 1, 'csv', 'USJZP', NULL, NULL, '2025-08-20 16:06:06', '2025-08-20 16:06:06'),
	(974, 1, 1, 'KGMOL', '2025-03-26', '2025-04-06', 'VEOPC', 2, 'docx', 'XYOOM', NULL, NULL, '2025-08-20 16:06:06', '2025-08-20 16:06:06'),
	(975, 1, 1, 'QIALJ', '2025-02-18', '2025-06-23', 'LWWSF', 2, 'csv', 'EMOBB', NULL, NULL, '2025-08-20 16:06:06', '2025-08-20 16:06:06'),
	(976, 1, 1, 'MYPHA', '2025-01-25', '2025-04-22', 'WBSKA', 3, 'xlsx', 'HZYOS', NULL, NULL, '2025-08-20 16:06:06', '2025-08-20 16:06:06'),
	(977, 1, 1, 'NKQMB', '2025-03-23', '2025-05-12', 'TPVAA', 2, 'docx', 'VUVGD', NULL, NULL, '2025-08-20 16:06:06', '2025-08-20 16:06:06'),
	(978, 1, 1, 'FEEYW', '2025-06-10', '2025-03-06', 'NBRNA', 3, 'pdf', 'QVADU', NULL, NULL, '2025-08-20 16:06:06', '2025-08-20 16:06:06'),
	(979, 1, 1, 'BAAAW', '2025-04-24', '2025-06-05', 'LMWLK', 2, 'csv', 'LPRNR', NULL, NULL, '2025-08-20 16:06:06', '2025-08-20 16:06:06'),
	(980, 1, 1, 'TFQIS', '2025-03-31', '2025-05-17', 'OSQGG', 1, 'xlsx', 'UQSCJ', NULL, NULL, '2025-08-20 16:06:06', '2025-08-20 16:06:06'),
	(981, 1, 1, 'XXVLG', '2025-01-22', '2025-05-25', 'GIRQR', 3, 'docx', 'KGQVC', NULL, NULL, '2025-08-20 16:06:06', '2025-08-20 16:06:06'),
	(982, 1, 1, 'HWAHD', '2025-06-05', '2025-04-15', 'QEEUO', 2, 'pdf', 'CRXCB', NULL, NULL, '2025-08-20 16:06:06', '2025-08-20 16:06:06'),
	(983, 1, 1, 'LGHUG', '2025-01-07', '2025-01-23', 'XXZND', 2, 'csv', 'EVBCZ', NULL, NULL, '2025-08-20 16:06:06', '2025-08-20 16:06:06'),
	(984, 1, 1, 'RYAZO', '2025-04-20', '2025-07-10', 'RGFIU', 2, 'xlsx', 'WPUGY', NULL, NULL, '2025-08-20 16:06:06', '2025-08-20 16:06:06'),
	(985, 1, 1, 'ONPBI', '2025-08-19', '2025-07-11', 'BQFLY', 3, 'pdf', 'PEUQO', NULL, NULL, '2025-08-20 16:06:06', '2025-08-20 16:06:06'),
	(986, 1, 1, 'UPEON', '2025-04-19', '2025-02-08', 'RRZQL', 3, 'docx', 'FZYDN', NULL, NULL, '2025-08-20 16:06:06', '2025-08-20 16:06:06'),
	(987, 1, 1, 'GTKXW', '2025-04-01', '2025-08-01', 'DIQOZ', 3, 'pdf', 'XJXHD', NULL, NULL, '2025-08-20 16:06:06', '2025-08-20 16:06:06'),
	(988, 1, 1, 'OBELN', '2025-08-19', '2025-04-20', 'GYFGK', 3, 'xlsx', 'TSJKR', NULL, NULL, '2025-08-20 16:06:06', '2025-08-20 16:06:06'),
	(989, 1, 1, 'NWHKS', '2025-08-01', '2025-06-07', 'MPNVR', 3, 'pdf', 'DQTQC', NULL, NULL, '2025-08-20 16:06:06', '2025-08-20 16:06:06'),
	(990, 1, 1, 'NPVWR', '2025-07-17', '2025-08-01', 'MXZRT', 3, 'docx', 'LSHYF', NULL, NULL, '2025-08-20 16:06:06', '2025-08-20 16:06:06'),
	(991, 1, 1, 'YNMWA', '2025-03-27', '2025-03-04', 'YWHGR', 1, 'docx', 'SUNJQ', NULL, NULL, '2025-08-20 16:06:06', '2025-08-20 16:06:06'),
	(992, 1, 1, 'BORSH', '2025-06-13', '2025-01-04', 'XRNMS', 2, 'xlsx', 'SKUOS', NULL, NULL, '2025-08-20 16:06:06', '2025-08-20 16:06:06'),
	(993, 1, 1, 'SDDLE', '2025-01-28', '2025-02-03', 'JQDJR', 3, 'csv', 'YHFWJ', NULL, NULL, '2025-08-20 16:06:06', '2025-08-20 16:06:06'),
	(994, 1, 1, 'HFEGY', '2025-07-21', '2025-06-05', 'VSWRK', 2, 'csv', 'ACADU', NULL, NULL, '2025-08-20 16:06:06', '2025-08-20 16:06:06'),
	(995, 1, 1, 'ZRXAE', '2025-02-09', '2025-01-10', 'JMNAV', 2, 'xlsx', 'NLOWR', NULL, NULL, '2025-08-20 16:06:06', '2025-08-20 16:06:06'),
	(996, 1, 1, 'MIBRN', '2025-05-03', '2025-03-10', 'SEMCQ', 1, 'csv', 'MGSPW', NULL, NULL, '2025-08-20 16:06:06', '2025-08-20 16:06:06'),
	(997, 1, 1, 'XMFGX', '2025-05-14', '2025-04-24', 'LUNUZ', 2, 'pdf', 'FGUSE', NULL, NULL, '2025-08-20 16:06:06', '2025-08-20 16:06:06'),
	(998, 1, 1, 'EXHEC', '2025-03-25', '2025-04-24', 'YIRNH', 2, 'pdf', 'YJDNQ', NULL, NULL, '2025-08-20 16:06:06', '2025-08-20 16:06:06'),
	(999, 1, 1, 'KJHVZ', '2025-03-19', '2025-05-05', 'OSOFB', 2, 'csv', 'XQVUE', NULL, NULL, '2025-08-20 16:06:06', '2025-08-20 16:06:06'),
	(1000, 1, 1, 'LRPIB', '2025-03-09', '2025-02-03', 'SMFQE', 2, 'docx', 'WSZBB', NULL, NULL, '2025-08-20 16:06:06', '2025-08-20 16:06:06'),
	(1001, 1, 1, 'SALAB', '2025-01-27', '2025-03-23', 'NPUZF', 1, 'csv', 'BGXFJ', NULL, NULL, '2025-08-20 16:06:06', '2025-08-20 16:06:06'),
	(1002, 1, 1, 'KPAUP', '2025-05-06', '2025-03-24', 'THQHC', 1, 'csv', 'ETRUD', NULL, NULL, '2025-08-20 16:06:06', '2025-08-20 16:06:06'),
	(1003, 1, 1, 'JCZGI', '2025-03-17', '2025-04-22', 'JPBUM', 1, 'pdf', 'KCBMK', NULL, NULL, '2025-08-20 16:06:06', '2025-08-20 16:06:06'),
	(1004, 1, 1, 'IHRPF', '2025-03-31', '2025-05-03', 'MRNWP', 3, 'csv', 'ZLXKG', NULL, NULL, '2025-08-20 16:06:07', '2025-08-20 16:06:07'),
	(1005, 1, 1, 'JNRWY', '2025-07-19', '2025-04-05', 'EEITU', 2, 'csv', 'RLDWO', NULL, NULL, '2025-08-20 16:06:07', '2025-08-20 16:06:07'),
	(1006, 1, 1, 'YHXHU', '2025-05-23', '2025-01-28', 'RYWLG', 2, 'csv', 'DOCZK', NULL, NULL, '2025-08-20 16:06:07', '2025-08-20 16:06:07'),
	(1007, 1, 1, 'UNJXN', '2025-04-02', '2025-06-04', 'GGKWP', 2, 'docx', 'TOHIH', NULL, NULL, '2025-08-20 16:06:07', '2025-08-20 16:06:07'),
	(1008, 1, 1, 'JBDVU', '2025-06-20', '2025-01-19', 'IKWXV', 2, 'csv', 'EXIGS', NULL, NULL, '2025-08-20 16:06:07', '2025-08-20 16:06:07'),
	(1009, 1, 1, 'DOCJA', '2025-05-04', '2025-07-13', 'XOHKB', 1, 'docx', 'TXCGJ', NULL, NULL, '2025-08-20 16:06:07', '2025-08-20 16:06:07');

-- Dumping structure for table finance.roles
CREATE TABLE IF NOT EXISTS `roles` (
  `id` int NOT NULL AUTO_INCREMENT,
  `name` varchar(256) NOT NULL,
  PRIMARY KEY (`id`)
) ENGINE=InnoDB AUTO_INCREMENT=4 DEFAULT CHARSET=utf8mb4 COLLATE=utf8mb4_general_ci;

-- Dumping data for table finance.roles: ~2 rows (approximately)
INSERT INTO `roles` (`id`, `name`) VALUES
	(1, 'Admin Keuangan'),
	(2, 'General Manager'),
	(3, 'Finance');

-- Dumping structure for table finance.users
CREATE TABLE IF NOT EXISTS `users` (
  `id` int NOT NULL AUTO_INCREMENT,
  `name` varchar(256) CHARACTER SET utf8mb4 COLLATE utf8mb4_general_ci NOT NULL,
  `email` varchar(256) CHARACTER SET utf8mb4 COLLATE utf8mb4_general_ci NOT NULL,
  `password` varchar(256) CHARACTER SET utf8mb4 COLLATE utf8mb4_general_ci NOT NULL,
  `role_id` int NOT NULL,
  `created_at` datetime NOT NULL,
  `updated_at` datetime NOT NULL,
  PRIMARY KEY (`id`),
  UNIQUE KEY `email` (`email`),
  KEY `role_id` (`role_id`),
  CONSTRAINT `FK_users_roles` FOREIGN KEY (`role_id`) REFERENCES `roles` (`id`) ON DELETE CASCADE
) ENGINE=InnoDB AUTO_INCREMENT=5 DEFAULT CHARSET=utf8mb4 COLLATE=utf8mb4_general_ci;

-- Dumping data for table finance.users: ~2 rows (approximately)
INSERT INTO `users` (`id`, `name`, `email`, `password`, `role_id`, `created_at`, `updated_at`) VALUES
	(1, 'Administrator', 'admin@example.com', '$2y$10$9jsGaFrkY7oSUfz.lSwFy.lF.42kZ8uo1BFAJsWyhFgU7ivhuFeR6', 1, '2025-08-19 09:48:32', '2025-08-19 09:48:33'),
	(2, 'GM', 'gm@examplel.com', '$2y$10$9jsGaFrkY7oSUfz.lSwFy.lF.42kZ8uo1BFAJsWyhFgU7ivhuFeR6', 2, '2025-08-19 14:35:15', '2025-08-19 16:47:59'),
	(4, 'Finance', 'finance@example.com', '$2y$10$9jsGaFrkY7oSUfz.lSwFy.lF.42kZ8uo1BFAJsWyhFgU7ivhuFeR6', 3, '2025-08-21 11:59:41', '2025-08-21 11:59:42');

/*!40103 SET TIME_ZONE=IFNULL(@OLD_TIME_ZONE, 'system') */;
/*!40101 SET SQL_MODE=IFNULL(@OLD_SQL_MODE, '') */;
/*!40014 SET FOREIGN_KEY_CHECKS=IFNULL(@OLD_FOREIGN_KEY_CHECKS, 1) */;
/*!40101 SET CHARACTER_SET_CLIENT=@OLD_CHARACTER_SET_CLIENT */;
/*!40111 SET SQL_NOTES=IFNULL(@OLD_SQL_NOTES, 1) */;
